Name,POS,FGM,FGA,FG%,3PM,3PA,3P%,FTM,FTA,FT%,2PM,2PA,2P%,SC-EFF,SH-EFF,GP,GS,MIN,PTS,OR,DR,REB,AST,STL,BLK,TO,PF,AST/TO,PER,Team
Paul Pierce,SF,6.2,14.2,43.6,1.9,5.0,38.0,4.3,5.5,78.7,4.3,9.2,46.6,1.31,0.5,77,77.0,33.4,18.6,0.6,5.7,6.3,4.8,1.1,0.4,2.8,2.7,1.7,19.14,BOS
Kevin Garnett,PF,6.2,12.5,49.6,0.0,0.2,12.5,2.3,3.0,78.6,6.2,12.3,50.4,1.181,0.5,68,68.0,29.7,14.8,1.1,6.7,7.8,2.3,1.1,0.9,1.6,2.3,1.4,19.25,BOS
Rajon Rondo,PG,5.9,12.2,48.4,0.3,1.3,24.0,1.6,2.4,64.5,5.6,10.9,51.3,1.123,0.5,38,38.0,37.4,13.7,1.1,4.4,5.6,11.1,1.8,0.2,3.9,2.5,2.8,18.12,BOS
Jeff Green,PF,4.6,10.0,46.7,0.9,2.2,38.5,2.6,3.3,80.8,3.8,7.7,49.0,1.285,0.51,81,17.0,27.8,12.8,0.7,3.2,3.9,1.6,0.7,0.8,1.6,2.2,1.0,15.01,BOS
Jason Terry,G,3.6,8.2,43.4,1.6,4.2,37.2,1.4,1.7,87.0,2.0,4.0,49.8,1.2329999999999999,0.53,79,24.0,26.9,10.1,0.2,1.8,2.0,2.5,0.8,0.1,1.3,1.4,1.9,12.81,BOS
Avery Bradley,PG,3.8,9.6,40.2,0.8,2.5,31.7,0.7,1.0,75.5,3.0,7.0,43.2,0.9640000000000001,0.44,50,50.0,28.7,9.2,0.6,1.6,2.2,2.1,1.3,0.4,1.4,2.6,1.4,8.89,BOS
Jordan Crawford,G,3.3,8.0,41.5,0.9,2.8,32.0,1.6,2.0,79.2,2.4,5.3,46.5,1.1340000000000001,0.47,27,2.0,21.6,9.1,0.5,2.3,2.7,2.5,0.4,0.1,1.6,1.7,1.5,12.05,BOS
Brandon Bass,PF,3.5,7.3,48.6,0.0,0.0,0.0,1.6,1.9,86.0,3.5,7.2,48.7,1.19,0.49,81,69.0,27.6,8.7,1.6,3.7,5.2,1.0,0.5,0.8,1.0,2.3,1.1,12.38,BOS
Courtney Lee,G,3.2,6.8,46.4,0.7,2.0,37.2,0.8,0.9,86.1,2.4,4.8,50.3,1.155,0.52,78,39.0,24.9,7.8,0.4,2.0,2.4,1.8,1.1,0.3,1.1,1.8,1.7,11.71,BOS
Jared Sullinger,C,2.5,5.0,49.3,0.0,0.1,20.0,1.0,1.4,74.6,2.4,4.9,50.0,1.2,0.5,45,5.0,19.8,6.0,2.0,3.8,5.9,0.8,0.5,0.5,0.6,3.4,1.2,13.52,BOS
Leandro Barbosa,G,2.0,4.7,43.0,0.4,1.1,38.3,0.8,1.0,75.6,1.6,3.6,44.5,1.114,0.48,41,2.0,12.5,5.2,0.2,0.9,1.1,1.4,0.4,0.1,0.5,1.2,2.8,13.57,BOS
Terrence Williams,SG,2.0,4.0,49.5,0.2,0.6,33.3,0.4,0.9,42.9,1.8,3.4,52.4,1.1340000000000001,0.52,24,0.0,13.3,4.6,0.2,1.7,1.8,1.6,0.5,0.1,0.9,0.5,1.7,12.35,BOS
Chris Wilcox,PF,1.8,2.5,71.9,0.0,0.0,0.0,0.6,1.0,67.2,1.8,2.5,72.4,1.693,0.72,61,7.0,13.6,4.2,0.9,2.0,3.0,0.4,0.5,0.5,0.6,2.0,0.6,15.32,BOS
Shavlik Randolph,PF,1.8,3.0,58.3,0.0,0.0,0.0,0.7,1.7,40.7,1.8,3.0,58.3,1.396,0.58,16,0.0,12.4,4.2,1.8,2.6,4.4,0.3,0.5,0.4,0.6,2.4,0.4,15.93,BOS
D.J. White,PF,1.0,1.9,52.2,0.0,0.0,0.0,0.4,0.8,55.6,1.0,1.9,52.2,1.261,0.52,12,0.0,7.2,2.4,0.3,0.8,1.1,0.3,0.1,0.5,0.2,0.4,2.0,14.76,BOS
Jarvis Varnado,PF,0.4,0.8,50.0,0.0,0.0,0.0,0.4,0.8,50.0,0.4,0.8,50.0,1.5,0.5,5,0.0,3.6,1.2,0.2,0.4,0.6,0.2,0.2,0.0,0.2,0.2,1.0,12.84,BOS
Kris Joseph,SF,0.3,1.8,18.2,0.0,0.3,0.0,0.5,0.7,75.0,0.3,1.5,22.2,0.636,0.18,6,0.0,4.0,1.2,0.2,0.7,0.8,0.2,0.0,0.0,0.3,0.3,0.5,-3.15,BOS
Fab Melo,C,0.5,1.0,50.0,0.0,0.0,0.0,0.2,0.7,25.0,0.5,1.0,50.0,1.167,0.5,6,0.0,6.0,1.2,0.0,0.5,0.5,0.0,0.3,0.3,0.2,1.2,0.0,4.95,BOS
Jason Collins,C,0.3,0.7,34.8,0.0,0.0,0.0,0.7,0.9,70.0,0.3,0.7,34.8,1.609,0.35,32,7.0,10.3,1.2,0.7,1.0,1.6,0.2,0.3,0.2,0.5,2.3,0.4,3.03,BOS
Darko Milicic,C,0.0,1.0,0.0,0.0,0.0,0.0,0.0,0.0,0.0,0.0,1.0,0.0,0.0,0.0,1,0.0,5.0,0.0,0.0,1.0,1.0,0.0,0.0,0.0,2.0,1.0,0.0,-30.12,BOS
Brook Lopez,C,7.7,14.8,52.1,0.0,0.0,0.0,4.0,5.3,75.8,7.7,14.8,52.2,1.314,0.52,74,74.0,30.4,19.4,2.8,4.1,6.9,0.9,0.4,2.1,1.8,2.1,0.5,24.81,BKN
Deron Williams,PG,6.3,14.4,44.0,2.2,5.7,37.8,4.1,4.7,85.9,4.2,8.7,48.2,1.3130000000000002,0.52,78,78.0,36.4,18.9,0.4,2.6,3.0,7.7,1.0,0.4,2.8,2.5,2.8,20.38,BKN
Joe Johnson,G,6.2,14.6,42.3,2.1,5.5,37.5,1.8,2.2,82.0,4.1,9.1,45.2,1.112,0.49,72,72.0,36.7,16.3,0.7,2.3,3.0,3.5,0.7,0.2,1.7,1.4,2.1,14.14,BKN
Andray Blatche,C,4.2,8.2,51.2,0.0,0.3,13.6,1.8,2.6,68.5,4.2,8.0,52.4,1.247,0.51,82,8.0,19.0,10.3,2.0,3.1,5.1,1.0,1.0,0.7,1.5,2.0,0.7,21.98,BKN
Gerald Wallace,SF,2.6,6.6,39.7,0.7,2.4,28.2,1.8,2.8,63.7,2.0,4.3,46.1,1.159,0.45,69,68.0,30.1,7.7,1.0,3.6,4.6,2.6,1.4,0.7,1.6,1.7,1.6,11.58,BKN
C.J. Watson,PG,2.4,5.7,41.8,1.1,2.7,41.1,0.9,1.1,78.0,1.3,3.1,42.4,1.183,0.51,80,8.0,19.0,6.8,0.5,1.3,1.8,2.0,0.8,0.2,0.9,1.5,2.3,13.9,BKN
Kris Humphries,PF,2.1,4.8,44.8,0.0,0.0,0.0,1.5,1.9,78.9,2.1,4.7,45.1,1.21,0.45,65,21.0,18.3,5.8,1.9,3.7,5.6,0.5,0.2,0.5,0.9,2.0,0.6,13.67,BKN
MarShon Brooks,G,2.1,4.6,46.3,0.2,0.8,27.3,0.9,1.3,73.4,1.9,3.8,50.0,1.176,0.49,73,2.0,12.5,5.4,0.4,1.0,1.4,1.0,0.5,0.2,0.9,1.3,1.1,13.55,BKN
Jerry Stackhouse,SF,1.8,4.6,38.4,0.8,2.4,33.7,0.5,0.6,87.0,1.0,2.2,43.4,1.058,0.47,37,0.0,14.7,4.9,0.1,0.8,0.9,0.9,0.2,0.1,0.6,0.8,1.5,8.57,BKN
Reggie Evans,C,1.6,3.3,47.9,0.0,0.0,0.0,1.4,2.8,50.9,1.6,3.3,47.9,1.391,0.48,80,56.0,24.6,4.5,3.3,7.9,11.1,0.5,0.9,0.2,1.4,2.5,0.4,12.81,BKN
Keith Bogans,SG,1.5,3.8,38.0,1.1,3.3,34.3,0.1,0.2,64.7,0.3,0.5,61.5,1.095,0.53,74,23.0,19.0,4.2,0.2,1.4,1.6,1.0,0.4,0.1,0.7,1.5,1.6,6.69,BKN
Mirza Teletovic,PF,1.3,3.5,38.4,0.7,2.0,34.3,0.2,0.2,81.8,0.6,1.5,44.2,1.016,0.48,53,0.0,9.4,3.5,0.6,1.2,1.8,0.4,0.2,0.2,0.4,1.0,1.2,12.39,BKN
Tyshawn Taylor,PG,0.8,2.3,36.8,0.2,0.3,46.2,0.4,0.7,55.6,0.7,1.9,35.1,0.977,0.4,38,0.0,5.8,2.2,0.1,0.4,0.5,0.6,0.3,0.0,0.7,0.7,0.8,6.28,BKN
Tornike Shengelia,SF,0.5,1.2,43.5,0.1,0.1,50.0,0.5,0.8,56.3,0.5,1.1,42.9,1.304,0.46,19,0.0,4.9,1.6,0.5,0.7,1.2,0.2,0.2,0.1,0.6,0.6,0.3,8.54,BKN
Josh Childress,F,0.4,1.5,28.6,0.1,0.2,33.3,0.1,0.1,50.0,0.4,1.3,27.8,0.667,0.31,14,0.0,7.1,1.0,0.4,0.6,1.1,0.4,0.1,0.1,0.0,0.2,inf,7.04,BKN
Kris Joseph,SF,0.0,0.8,0.0,0.0,0.3,0.0,0.5,1.0,50.0,0.0,0.5,0.0,0.667,0.0,4,0.0,7.5,0.5,0.0,0.5,0.5,0.0,0.8,0.0,0.0,0.3,0.0,3.72,BKN
Damion James,SF,0.0,0.0,0.0,0.0,0.0,0.0,0.0,0.0,0.0,0.0,0.0,0.0,0.0,0.0,2,0.0,0.0,0.0,0.0,0.5,0.5,0.0,0.0,0.0,0.0,0.0,0.0,0.0,BKN
Carmelo Anthony,PF,10.0,22.2,44.9,2.3,6.2,37.9,6.3,7.6,83.0,7.6,16.0,47.6,1.2890000000000001,0.5,67,67.0,37.0,28.7,2.0,4.9,6.9,2.6,0.8,0.5,2.6,3.1,1.0,24.83,NY
JR Smith,G,6.6,15.6,42.2,1.9,5.5,35.5,3.0,3.9,76.2,4.7,10.2,45.8,1.158,0.48,80,0.0,33.5,18.1,0.8,4.5,5.3,2.7,1.3,0.3,1.7,2.8,1.6,17.67,NY
Amar'e Stoudemire,C,5.3,9.2,57.7,0.0,0.0,0.0,3.6,4.5,80.8,5.3,9.2,57.7,1.547,0.58,29,0.0,23.5,14.2,2.1,2.9,5.0,0.4,0.3,0.7,1.7,3.1,0.3,22.16,NY
Raymond Felton,G,5.5,13.0,42.7,1.4,3.8,36.0,1.5,1.9,78.9,4.2,9.2,45.5,1.075,0.48,68,68.0,34.0,13.9,0.8,2.1,2.9,5.5,1.4,0.2,2.3,1.9,2.4,15.22,NY
Earl Barron,C,5.0,14.0,35.7,0.0,0.0,0.0,1.0,2.0,50.0,5.0,14.0,35.7,0.7859999999999999,0.36,1,1.0,37.0,11.0,6.0,12.0,18.0,2.0,0.0,1.0,1.0,1.0,2.0,15.45,NY
Tyson Chandler,C,3.9,6.1,63.7,0.0,0.0,0.0,2.7,3.9,69.4,3.9,6.1,63.7,1.723,0.64,66,66.0,32.8,10.4,4.1,6.6,10.7,0.9,0.6,1.1,1.3,2.8,0.7,18.88,NY
Chris Copeland,SF,3.3,6.8,47.9,1.1,2.5,42.1,1.1,1.5,75.9,2.2,4.3,51.2,1.2790000000000001,0.56,56,13.0,15.4,8.7,0.6,1.5,2.1,0.5,0.3,0.2,0.9,1.9,0.5,16.89,NY
Kenyon Martin,PF,3.1,5.2,60.2,0.0,0.0,0.0,0.9,2.2,42.5,3.1,5.2,60.2,1.3869999999999998,0.6,18,11.0,23.9,7.2,1.9,3.4,5.3,0.4,0.9,0.9,0.9,3.6,0.5,13.94,NY
Rasheed Wallace,PF,2.6,6.8,38.7,1.0,3.3,31.9,0.7,1.0,70.0,1.6,3.5,45.2,1.028,0.46,21,0.0,14.1,7.0,0.5,3.4,4.0,0.3,0.6,0.7,0.5,1.9,0.6,16.7,NY
Iman Shumpert,G,2.4,6.1,39.6,1.1,2.8,40.2,0.8,1.0,76.6,1.3,3.3,39.2,1.109,0.49,45,45.0,22.1,6.8,0.7,2.3,3.0,1.7,1.0,0.2,0.8,2.2,2.0,11.72,NY
Steve Novak,SF,2.2,5.3,41.4,1.8,4.3,42.5,0.4,0.4,90.9,0.4,1.0,36.7,1.244,0.59,81,1.0,20.3,6.6,0.2,1.7,1.9,0.4,0.3,0.1,0.1,1.2,2.9,11.33,NY
Jason Kidd,PG,2.0,5.4,37.2,1.5,4.3,35.1,0.5,0.6,83.3,0.5,1.1,45.2,1.12,0.51,76,48.0,26.9,6.0,0.7,3.6,4.3,3.3,1.6,0.3,1.0,1.6,3.3,13.48,NY
Quentin Richardson,SF,1.0,11.0,9.1,1.0,4.0,25.0,2.0,2.0,100.0,0.0,7.0,0.0,0.455,0.14,1,0.0,29.0,5.0,5.0,5.0,10.0,1.0,0.0,0.0,2.0,1.0,0.5,0.67,NY
Ronnie Brewer,SF,1.4,3.8,36.6,0.5,1.5,31.0,0.3,0.8,41.0,0.9,2.3,40.4,0.9490000000000001,0.43,46,34.0,15.5,3.6,0.6,1.5,2.2,0.9,0.7,0.1,0.3,0.6,2.9,10.21,NY
Pablo Prigioni,PG,1.3,2.8,45.5,0.7,1.7,39.6,0.3,0.3,88.0,0.6,1.1,54.7,1.25,0.58,78,18.0,16.2,3.5,0.5,1.3,1.8,3.0,0.9,0.0,1.1,1.6,2.7,13.01,NY
Kurt Thomas,PF,1.2,2.1,54.2,0.0,0.0,100.0,0.2,0.3,46.2,1.1,2.1,53.7,1.169,0.55,39,17.0,10.1,2.5,0.6,1.7,2.3,0.5,0.3,0.4,0.2,1.3,2.6,13.32,NY
James White,SG,0.9,2.0,43.1,0.2,0.7,34.1,0.2,0.3,57.9,0.6,1.3,48.0,1.078,0.49,57,16.0,7.6,2.2,0.1,0.8,0.8,0.5,0.2,0.1,0.3,0.8,1.7,9.15,NY
Marcus Camby,C,0.7,2.2,32.1,0.0,0.0,0.0,0.3,0.8,42.1,0.7,2.2,32.1,0.792,0.32,24,4.0,10.4,1.8,1.0,2.3,3.3,0.6,0.3,0.6,0.6,1.2,0.9,8.61,NY
Solomon Jones,PF,0.0,0.5,0.0,0.0,0.0,0.0,0.0,0.0,0.0,0.0,0.5,0.0,0.0,0.0,2,1.0,13.0,0.0,0.5,1.0,1.5,0.0,0.0,0.5,1.5,1.5,0.0,-5.73,NY
Jrue Holiday,PG,7.1,16.5,43.1,1.2,3.2,36.8,2.3,3.1,75.2,5.9,13.3,44.6,1.074,0.47,78,78.0,37.5,17.7,1.1,3.1,4.2,8.0,1.6,0.4,3.7,2.2,2.1,16.74,PHI
Thaddeus Young,PF,6.7,12.6,53.1,0.0,0.1,12.5,1.4,2.5,57.4,6.7,12.5,53.5,1.176,0.53,76,76.0,34.6,14.8,2.4,5.1,7.5,1.6,1.8,0.7,1.2,2.5,1.4,18.27,PHI
Evan Turner,G,5.4,12.8,41.9,0.7,1.9,36.5,1.9,2.5,74.0,4.7,10.9,42.8,1.0390000000000001,0.45,82,82.0,35.3,13.3,0.7,5.6,6.3,4.3,0.9,0.2,2.3,2.4,1.9,12.16,PHI
Spencer Hawes,PF,4.6,9.9,46.4,0.4,1.1,35.6,1.5,1.9,77.7,4.2,8.8,47.7,1.1159999999999999,0.48,82,40.0,27.2,11.0,2.1,5.1,7.2,2.2,0.3,1.4,1.6,2.8,1.4,16.02,PHI
Nick Young,G,3.8,9.2,41.3,1.3,3.6,35.7,1.8,2.2,82.0,2.5,5.6,44.9,1.159,0.48,59,17.0,23.9,10.6,0.4,1.8,2.2,1.4,0.6,0.2,0.8,1.4,1.7,13.38,PHI
Jason Richardson,SG,4.1,10.2,40.2,1.7,5.1,34.1,0.6,1.0,60.6,2.4,5.1,46.2,1.033,0.49,33,33.0,28.4,10.5,0.6,3.3,3.8,1.5,1.2,0.5,0.8,1.7,2.0,12.6,PHI
Dorell Wright,SF,3.0,7.6,39.6,1.7,4.6,37.4,1.5,1.8,85.1,1.3,3.0,42.9,1.217,0.51,79,8.0,22.6,9.2,0.5,3.3,3.8,1.9,0.8,0.4,0.8,1.2,2.3,16.07,PHI
Damien Wilkins,SG,2.4,5.2,45.9,0.3,0.8,33.3,1.3,1.8,74.3,2.1,4.3,48.3,1.228,0.49,61,21.0,18.0,6.4,0.5,1.2,1.7,1.5,0.6,0.3,0.8,1.6,1.9,12.54,PHI
Lavoy Allen,F,2.6,5.7,45.4,0.0,0.0,0.0,0.5,0.8,71.7,2.6,5.7,45.5,1.002,0.45,79,37.0,21.1,5.8,2.0,3.0,5.0,0.9,0.3,0.7,0.7,2.3,1.3,11.53,PHI
Jeremy Pargo,PG,1.7,4.5,38.1,0.5,1.2,41.2,1.0,1.5,66.7,1.2,3.3,37.0,1.095,0.44,14,0.0,14.9,4.9,0.1,1.1,1.2,2.0,0.1,0.0,0.9,1.0,2.2,8.47,PHI
Justin Holiday,SF,1.8,5.3,33.3,0.4,1.8,25.0,0.7,0.9,75.0,1.3,3.6,37.5,0.875,0.38,9,0.0,15.8,4.7,0.0,1.6,1.6,1.7,0.3,0.7,1.0,0.8,1.7,7.6,PHI
Arnett Moultrie,PF,1.7,2.9,58.2,0.0,0.0,0.0,0.4,0.6,64.3,1.7,2.9,58.2,1.2990000000000002,0.58,47,0.0,11.5,3.7,1.6,1.5,3.1,0.2,0.4,0.2,0.4,0.9,0.5,16.73,PHI
Royal Ivey,PG,1.2,2.7,43.1,0.7,1.7,42.0,0.2,0.3,56.3,0.5,1.1,44.6,1.181,0.56,53,5.0,13.2,3.2,0.3,0.8,1.1,0.6,0.4,0.1,0.4,1.4,1.6,8.12,PHI
Maalik Wayns,PG,0.9,3.4,26.4,0.2,1.2,20.0,0.6,0.7,86.7,0.7,2.2,29.8,0.778,0.3,21,1.0,7.9,2.7,0.0,0.2,0.2,1.0,0.1,0.0,0.6,0.9,1.5,1.85,PHI
Charles Jenkins,PG,1.2,3.2,36.8,0.0,0.0,0.0,0.2,0.3,50.0,1.2,3.2,36.8,0.789,0.37,12,1.0,12.5,2.5,0.3,0.7,0.9,1.3,0.5,0.1,0.2,0.3,8.0,8.6,PHI
Kwame Brown,C,0.8,1.7,45.9,0.0,0.0,0.0,0.3,0.9,36.8,0.8,1.7,45.9,1.1079999999999999,0.46,22,11.0,12.2,1.9,1.0,2.3,3.4,0.4,0.3,0.5,0.4,1.7,1.1,8.79,PHI
Shelvin Mack,G,0.3,0.5,50.0,0.0,0.3,0.0,0.0,0.0,0.0,0.3,0.3,100.0,1.0,0.5,4,0.0,1.8,0.5,0.0,0.0,0.0,0.3,0.0,0.0,0.5,0.3,0.5,-6.36,PHI
Rudy Gay,SF,7.3,17.1,42.5,1.3,4.0,33.6,3.6,4.2,85.6,5.9,13.2,45.2,1.138,0.46,33,32.0,34.7,19.5,1.3,5.1,6.4,2.8,1.7,0.7,2.8,2.9,1.0,17.62,TOR
DeMar DeRozan,SF,6.7,15.0,44.5,0.4,1.5,28.3,4.3,5.2,83.1,6.3,13.5,46.3,1.206,0.46,82,82.0,36.7,18.1,0.6,3.3,3.9,2.5,0.9,0.3,1.8,2.1,1.4,14.81,TOR
Andrea Bargnani,C,4.9,12.2,39.9,1.1,3.5,30.9,1.9,2.2,84.4,3.8,8.7,43.6,1.04,0.44,35,25.0,28.7,12.7,0.7,2.9,3.7,1.1,0.6,0.7,1.5,1.8,0.7,11.27,TOR
Kyle Lowry,PG,3.7,9.2,40.1,1.5,4.1,36.2,2.8,3.5,79.5,2.2,5.1,43.3,1.27,0.48,68,52.0,29.7,11.6,0.8,3.9,4.7,6.4,1.4,0.4,2.3,3.2,2.8,17.51,TOR
Jose Calderon,G,4.2,8.8,47.0,1.8,4.1,42.9,1.0,1.2,90.4,2.4,4.8,50.5,1.256,0.57,45,30.0,28.3,11.1,0.3,2.0,2.4,7.4,0.6,0.1,1.7,1.3,4.4,19.23,TOR
Alan Anderson,SG,3.6,9.5,38.3,1.5,4.4,33.3,1.9,2.3,85.7,2.2,5.1,42.6,1.125,0.46,65,2.0,23.0,10.7,0.5,1.8,2.3,1.6,0.7,0.1,1.2,2.0,1.3,12.61,TOR
Amir Johnson,F,4.1,7.5,55.4,0.1,0.2,38.5,1.7,2.3,72.7,4.1,7.3,55.8,1.3419999999999999,0.56,81,38.0,28.7,10.0,2.8,4.7,7.5,1.5,1.0,1.4,1.4,3.7,1.0,17.33,TOR
Ed Davis,C,4.1,7.5,54.9,0.0,0.0,0.0,1.5,2.3,64.7,4.1,7.5,54.9,1.2919999999999998,0.55,45,24.0,24.2,9.7,2.1,4.6,6.7,1.2,0.6,0.8,1.0,2.5,1.2,18.13,TOR
Jonas Valanciunas,C,3.3,5.9,55.7,0.0,0.0,0.0,2.4,3.0,78.9,3.3,5.9,55.7,1.514,0.56,62,57.0,23.9,8.9,2.0,4.0,6.0,0.7,0.3,1.3,1.5,3.0,0.5,15.62,TOR
Linas Kleiza,SF,2.4,7.2,33.3,1.0,3.3,30.3,1.6,1.9,84.2,1.4,3.9,35.9,1.028,0.4,20,3.0,18.8,7.4,0.5,2.1,2.6,0.8,0.2,0.1,0.7,2.3,1.1,8.29,TOR
Terrence Ross,SG,2.5,6.3,40.7,0.9,2.7,33.2,0.4,0.6,71.4,1.7,3.6,46.4,1.022,0.48,73,2.0,17.0,6.4,0.5,1.5,2.0,0.7,0.6,0.2,0.7,1.7,1.1,10.48,TOR
John Lucas III,PG,2.0,5.3,38.6,0.9,2.4,37.7,0.3,0.4,72.0,1.1,2.9,39.3,0.997,0.47,63,0.0,13.1,5.3,0.1,0.9,1.0,1.7,0.4,0.0,0.4,0.8,4.0,12.84,TOR
Mickael Pietrus,SF,1.8,5.2,34.7,1.1,3.4,31.3,0.6,0.9,66.7,0.7,1.8,41.2,1.02,0.45,19,16.0,20.3,5.3,0.3,1.6,1.9,0.5,0.6,0.3,0.8,1.7,0.6,6.0,TOR
Landry Fields,SG,2.0,4.4,45.7,0.0,0.3,14.3,0.7,1.0,64.2,2.0,4.1,47.8,1.0759999999999998,0.46,51,22.0,20.3,4.7,1.2,2.9,4.1,1.2,0.6,0.2,0.8,1.2,1.4,10.31,TOR
Sebastian Telfair,PG,1.4,4.8,29.0,0.8,2.8,27.0,0.8,0.9,83.3,0.6,1.9,32.0,0.903,0.37,13,0.0,14.2,4.3,0.1,1.2,1.2,3.0,0.7,0.1,0.8,1.5,3.5,10.72,TOR
Quincy Acy,F,1.4,2.6,56.0,0.0,0.1,50.0,1.1,1.3,81.6,1.4,2.5,56.2,1.547,0.57,29,0.0,11.8,4.0,1.0,1.6,2.7,0.4,0.4,0.5,0.6,1.8,0.6,15.93,TOR
Aaron Gray,C,1.1,2.1,53.3,0.0,0.0,0.0,0.5,1.0,52.3,1.1,2.1,53.3,1.3219999999999998,0.53,42,16.0,12.2,2.8,1.1,2.0,3.2,0.8,0.2,0.1,0.9,2.0,0.9,8.98,TOR
Dominic McGuire,PF,1.0,2.1,46.9,0.0,0.0,0.0,0.1,0.4,33.3,1.0,2.1,46.9,1.0,0.47,15,9.0,15.3,2.1,0.7,2.5,3.2,0.7,0.3,0.5,0.5,1.7,1.4,7.49,TOR
Stephen Curry,PG,8.0,17.8,45.1,3.5,7.7,45.3,3.4,3.7,90.0,4.5,10.1,44.9,1.287,0.55,78,78.0,38.2,22.9,0.8,3.3,4.0,6.9,1.6,0.2,3.1,2.5,2.2,21.34,GS
David Lee,PF,7.6,14.7,51.9,0.0,0.1,0.0,3.2,4.1,79.7,7.6,14.6,52.1,1.258,0.52,79,79.0,36.8,18.5,2.8,8.5,11.2,3.5,0.8,0.3,2.6,3.1,1.3,19.23,GS
Klay Thompson,SG,6.2,14.7,42.2,2.6,6.4,40.1,1.6,1.9,84.1,3.6,8.3,43.7,1.128,0.51,82,82.0,35.8,16.6,0.4,3.3,3.7,2.2,1.0,0.5,1.9,2.9,1.2,12.71,GS
Jarrett Jack,G,4.9,10.8,45.2,1.0,2.6,40.4,2.1,2.5,84.3,3.9,8.3,46.6,1.194,0.5,79,4.0,29.7,12.9,0.3,2.8,3.1,5.6,0.8,0.1,2.0,1.7,2.8,15.93,GS
Carl Landry,PF,4.0,7.4,54.0,0.0,0.0,33.3,2.8,3.4,81.7,4.0,7.4,54.1,1.452,0.54,81,2.0,23.2,10.8,2.2,3.7,6.0,0.8,0.4,0.4,1.4,2.3,0.6,17.6,GS
Harrison Barnes,SF,3.4,7.8,43.9,0.6,1.8,35.9,1.8,2.3,75.8,2.8,6.0,46.4,1.1909999999999998,0.48,81,81.0,25.4,9.2,0.7,3.5,4.1,1.2,0.6,0.2,1.2,1.7,1.0,11.08,GS
Brandon Rush,F,3.0,4.5,66.7,0.0,1.0,0.0,1.0,1.5,66.7,3.0,3.5,85.7,1.556,0.67,2,0.0,12.5,7.0,0.0,0.5,0.5,1.0,0.0,0.0,1.5,2.5,0.7,12.0,GS
Andrew Bogut,C,2.6,5.8,45.1,0.0,0.0,100.0,0.6,1.2,50.0,2.6,5.7,44.8,1.011,0.45,32,32.0,24.6,5.8,2.1,5.5,7.7,2.1,0.6,1.7,1.1,2.7,1.9,13.81,GS
Richard Jefferson,F,1.1,2.4,45.6,0.3,0.8,31.1,0.7,0.9,71.7,0.9,1.6,52.7,1.294,0.51,56,1.0,10.1,3.1,0.1,1.4,1.5,0.6,0.3,0.1,0.4,0.8,1.3,10.36,GS
Draymond Green,PF,1.1,3.3,32.7,0.2,0.8,20.9,0.6,0.7,81.8,0.9,2.4,36.8,0.883,0.35,79,1.0,13.4,2.9,0.7,2.6,3.3,0.7,0.5,0.3,0.6,2.0,1.0,7.15,GS
Festus Ezeli,C,0.9,2.2,43.8,0.0,0.0,0.0,0.6,1.0,53.1,0.9,2.2,43.8,1.13,0.44,78,41.0,14.4,2.4,1.8,2.2,4.0,0.3,0.3,0.9,0.8,2.0,0.3,9.3,GS
Kent Bazemore,SF,0.7,1.9,37.1,0.2,0.6,29.4,0.4,0.7,61.4,0.5,1.3,40.2,1.06,0.41,61,0.0,4.4,2.0,0.1,0.3,0.4,0.4,0.3,0.1,0.3,0.4,1.2,11.34,GS
Charles Jenkins,PG,0.7,1.8,42.2,0.0,0.0,50.0,0.2,0.4,55.6,0.7,1.7,42.0,0.976,0.43,47,0.0,6.2,1.7,0.1,0.3,0.4,0.6,0.2,0.0,0.4,0.4,1.5,6.92,GS
Jeremy Tyler,C,0.5,1.2,37.5,0.0,0.0,0.0,0.2,0.3,66.7,0.5,1.2,37.5,0.917,0.38,20,0.0,3.2,1.1,0.3,0.6,0.9,0.1,0.1,0.1,0.3,0.5,0.2,6.11,GS
Malcolm Thomas,PF,0.0,0.2,0.0,0.0,0.0,0.0,0.6,0.8,75.0,0.0,0.2,0.0,3.0,0.0,5,0.0,4.2,0.6,0.0,1.0,1.0,0.4,0.0,0.2,0.2,0.2,2.0,8.83,GS
Andris Biedrins,C,0.2,0.4,47.6,0.0,0.0,0.0,0.1,0.2,30.8,0.2,0.4,47.6,1.143,0.48,53,9.0,9.3,0.5,0.6,2.2,2.9,0.3,0.3,0.8,0.3,1.9,1.0,7.69,GS
Blake Griffin,PF,7.2,13.4,53.8,0.1,0.4,17.9,3.5,5.3,66.0,7.2,13.1,54.8,1.3430000000000002,0.54,80,80.0,32.5,18.0,2.3,6.0,8.3,3.7,1.2,0.6,2.3,2.9,1.6,22.44,LAC
Chris Paul,PG,5.9,12.2,48.1,1.1,3.3,32.8,4.1,4.6,88.5,4.8,8.9,53.8,1.386,0.53,70,70.0,33.4,16.9,0.8,3.0,3.7,9.7,2.4,0.1,2.3,2.0,4.3,26.43,LAC
Jamal Crawford,G,5.9,13.4,43.8,2.0,5.2,37.6,2.8,3.3,87.1,3.9,8.2,47.7,1.235,0.51,76,0.0,29.3,16.5,0.3,1.4,1.7,2.5,1.0,0.2,1.9,0.9,1.3,16.89,LAC
Caron Butler,SF,3.9,9.2,42.4,1.6,4.2,38.8,1.0,1.2,83.3,2.3,5.0,45.4,1.129,0.51,78,78.0,24.1,10.4,0.5,2.3,2.9,1.0,0.7,0.1,0.9,1.8,1.1,12.5,LAC
Matt Barnes,SF,3.9,8.4,46.2,1.4,4.1,34.2,1.1,1.5,74.4,2.5,4.4,57.4,1.218,0.54,80,4.0,25.7,10.3,1.4,3.2,4.6,1.5,1.0,0.8,1.1,2.9,1.4,15.57,LAC
DeAndre Jordan,C,3.8,6.0,64.3,0.0,0.0,0.0,1.2,3.0,38.6,3.8,6.0,64.3,1.484,0.64,82,82.0,24.5,8.8,2.6,4.7,7.2,0.3,0.6,1.4,1.2,2.3,0.3,17.21,LAC
Eric Bledsoe,SG,3.3,7.5,44.5,0.4,1.0,39.7,1.4,1.8,79.1,2.9,6.4,45.3,1.1320000000000001,0.47,76,12.0,20.4,8.5,1.0,1.9,3.0,3.1,1.4,0.7,1.8,1.5,1.7,17.6,LAC
Chauncey Billups,PG,2.4,6.0,40.2,1.5,4.1,36.7,2.0,2.2,93.8,0.9,1.9,47.6,1.3940000000000001,0.53,22,22.0,19.0,8.4,0.1,1.4,1.5,2.2,0.5,0.0,1.2,1.1,1.9,15.0,LAC
Willie Green,SG,2.5,5.4,46.1,1.0,2.3,42.8,0.3,0.4,71.9,1.5,3.1,48.6,1.166,0.55,72,60.0,16.5,6.3,0.2,1.1,1.3,0.8,0.4,0.2,0.4,1.3,1.8,11.85,LAC
Lamar Odom,PF,1.8,4.5,39.9,0.2,1.1,20.0,0.2,0.5,47.6,1.6,3.4,46.4,0.902,0.42,82,2.0,19.7,4.0,1.4,4.4,5.9,1.7,0.8,0.7,1.0,2.6,1.7,10.95,LAC
Ryan Hollins,C,1.2,1.9,61.4,0.0,0.0,0.0,1.1,1.5,75.0,1.2,1.9,61.4,1.807,0.61,60,0.0,11.1,3.4,0.8,1.5,2.3,0.2,0.1,0.6,0.7,2.2,0.3,11.37,LAC
Maalik Wayns,PG,1.2,2.7,43.8,0.3,1.0,33.3,0.7,0.7,100.0,0.8,1.7,50.0,1.25,0.5,6,0.0,6.2,3.3,0.0,0.3,0.3,1.2,0.5,0.0,0.3,1.3,3.5,19.57,LAC
Grant Hill,SF,1.3,3.4,38.8,0.1,0.4,27.3,0.5,0.8,58.3,1.2,3.0,40.2,0.9490000000000001,0.4,29,0.0,15.1,3.2,0.2,1.5,1.7,0.9,0.4,0.2,0.9,1.3,1.0,4.79,LAC
Ronny Turiaf,C,0.8,1.5,50.5,0.0,0.0,0.0,0.4,1.0,36.5,0.8,1.5,50.5,1.247,0.51,65,0.0,10.8,1.9,0.7,1.6,2.3,0.5,0.3,0.5,0.4,1.2,1.2,9.37,LAC
DaJuan Summers,SF,0.5,2.0,25.0,0.0,0.0,0.0,0.0,0.0,0.0,0.5,2.0,25.0,0.5,0.25,2,0.0,3.5,1.0,0.0,1.0,1.0,0.5,0.0,0.0,0.0,0.0,inf,4.33,LAC
Kobe Bryant,SF,9.5,20.4,46.3,1.7,5.2,32.4,6.7,8.0,83.9,7.8,15.2,51.0,1.337,0.5,78,78.0,38.6,27.3,0.8,4.7,5.6,6.0,1.4,0.3,3.7,2.2,1.6,23.1,LAL
Dwight Howard,C,6.2,10.7,57.8,0.0,0.1,16.7,4.7,9.5,49.2,6.2,10.6,58.1,1.594,0.58,76,76.0,35.8,17.1,3.3,9.1,12.4,1.4,1.1,2.4,3.0,3.8,0.5,19.48,LAL
Pau Gasol,PF,5.5,11.8,46.6,0.2,0.6,28.6,2.6,3.6,70.2,5.3,11.2,47.5,1.162,0.47,49,42.0,33.8,13.7,2.3,6.3,8.6,4.1,0.5,1.2,2.1,1.9,1.9,16.75,LAL
Steve Nash,PG,4.7,9.5,49.7,1.1,2.6,43.8,2.1,2.3,92.2,3.6,6.9,51.9,1.339,0.56,50,50.0,32.5,12.7,0.5,2.3,2.8,6.7,0.6,0.1,2.5,1.4,2.6,16.0,LAL
Metta World Peace,SF,4.4,11.0,40.3,1.9,5.5,34.2,1.7,2.3,73.4,2.5,5.5,46.4,1.127,0.49,75,66.0,33.7,12.4,1.3,3.6,5.0,1.5,1.6,0.6,1.3,2.6,1.1,12.55,LAL
Antawn Jamison,PF,3.5,7.6,46.4,1.1,3.1,36.1,1.2,1.8,69.1,2.4,4.5,53.5,1.238,0.54,76,6.0,21.5,9.4,1.4,3.3,4.8,0.7,0.4,0.3,0.7,1.6,0.9,15.39,LAL
Jodie Meeks,G,2.6,6.8,38.7,1.6,4.4,35.7,1.1,1.2,89.6,1.1,2.4,44.1,1.166,0.5,78,10.0,21.3,7.9,0.5,1.7,2.2,0.9,0.7,0.1,0.7,1.3,1.3,11.4,LAL
Steve Blake,PG,2.5,6.0,42.2,1.6,3.8,42.1,0.6,0.8,77.1,0.9,2.2,42.4,1.2109999999999999,0.56,45,13.0,26.1,7.3,0.5,2.5,2.9,3.8,0.8,0.1,1.4,1.8,2.8,11.77,LAL
Earl Clark,SF,2.9,6.5,44.0,0.6,1.8,33.7,0.9,1.3,69.7,2.3,4.8,47.9,1.109,0.49,59,36.0,23.1,7.3,1.4,4.1,5.5,1.1,0.6,0.7,1.1,1.7,1.0,12.47,LAL
Jordan Hill,C,2.7,5.3,49.7,0.0,0.1,0.0,1.4,2.1,65.6,2.7,5.3,50.3,1.252,0.5,29,1.0,15.8,6.7,2.8,2.9,5.7,0.4,0.3,0.7,0.9,1.9,0.5,18.51,LAL
Darius Morris,G,1.5,3.9,38.8,0.5,1.4,36.4,0.5,0.8,64.9,1.0,2.5,40.2,1.032,0.45,48,17.0,14.2,4.0,0.5,0.7,1.2,1.6,0.4,0.0,0.9,1.2,1.7,8.11,LAL
Devin Ebanks,SF,1.3,3.8,32.9,0.3,1.2,27.3,0.6,0.7,78.6,0.9,2.7,35.3,0.89,0.37,19,3.0,10.4,3.4,0.5,1.6,2.2,0.5,0.2,0.1,0.6,1.2,0.9,6.37,LAL
Chris Duhon,PG,1.0,2.7,38.2,0.7,2.0,36.3,0.1,0.3,46.2,0.3,0.7,43.8,1.081,0.52,46,9.0,17.8,2.9,0.2,1.2,1.5,2.9,0.4,0.0,0.9,1.2,3.3,8.02,LAL
Robert Sacre,C,0.6,1.5,37.5,0.0,0.0,0.0,0.2,0.3,63.6,0.6,1.5,37.5,0.8959999999999999,0.38,32,3.0,6.3,1.3,0.3,0.8,1.1,0.2,0.0,0.3,0.3,1.2,0.6,3.48,LAL
Andrew Goudelock,PG,0.0,2.0,0.0,0.0,0.0,0.0,0.0,0.0,0.0,0.0,2.0,0.0,0.0,0.0,1,0.0,6.0,0.0,1.0,0.0,1.0,0.0,0.0,0.0,0.0,0.0,0.0,-6.41,LAL
Darius Johnson-Odom,G,0.0,1.0,0.0,0.0,0.3,0.0,0.0,0.0,0.0,0.0,0.8,0.0,0.0,0.0,4,0.0,1.5,0.0,0.3,0.8,1.0,0.3,0.0,0.0,0.0,0.0,inf,-6.66,LAL
Goran Dragic,PG,5.2,11.8,44.3,1.1,3.6,31.9,3.2,4.2,74.8,4.1,8.2,49.7,1.252,0.49,77,77.0,33.5,14.7,0.8,2.3,3.1,7.4,1.6,0.3,2.8,2.8,2.7,17.52,PHX
Luis Scola,F,5.3,11.2,47.2,0.0,0.2,18.8,2.2,2.8,78.7,5.2,11.0,47.7,1.145,0.47,82,67.0,26.6,12.8,1.9,4.7,6.6,2.2,0.8,0.4,1.5,3.1,1.4,16.8,PHX
Marcin Gortat,C,4.8,9.3,52.1,0.0,0.0,0.0,1.5,2.3,65.2,4.8,9.2,52.4,1.2009999999999998,0.52,61,61.0,30.8,11.1,2.1,6.4,8.5,1.2,0.7,1.6,1.6,2.1,0.8,15.45,PHX
Jared Dudley,SF,4.0,8.5,46.8,1.3,3.4,39.1,1.6,2.1,79.6,2.6,5.0,52.0,1.287,0.55,79,50.0,27.5,10.9,1.0,2.1,3.1,2.6,0.9,0.1,1.3,1.6,2.0,14.89,PHX
Shannon Brown,PG,4.1,9.7,42.0,0.7,2.4,27.7,1.7,2.1,78.4,3.4,7.3,46.7,1.081,0.45,59,22.0,23.8,10.5,0.7,1.8,2.5,1.8,1.0,0.3,1.3,1.6,1.5,13.14,PHX
Michael Beasley,F,4.1,10.2,40.5,0.6,1.9,31.3,1.3,1.7,74.6,3.5,8.3,42.6,0.991,0.43,75,20.0,20.7,10.1,0.7,3.1,3.8,1.5,0.4,0.5,1.9,1.4,0.8,10.91,PHX
Jermaine O'Neal,C,3.3,6.7,48.2,0.0,0.0,0.0,1.7,2.1,83.5,3.3,6.7,48.2,1.224,0.48,55,4.0,18.7,8.3,1.5,3.8,5.3,0.8,0.3,1.4,1.3,2.3,0.6,16.76,PHX
Markieff Morris,PF,3.2,8.0,40.7,0.5,1.6,33.6,1.1,1.5,73.2,2.7,6.3,42.6,1.026,0.44,82,32.0,22.4,8.2,1.6,3.2,4.8,1.3,0.9,0.8,1.3,2.5,1.0,12.66,PHX
Wesley Johnson,F,3.2,7.9,40.7,1.0,3.1,32.3,0.5,0.7,77.1,2.2,4.8,46.1,1.008,0.47,50,21.0,19.1,8.0,0.4,2.0,2.5,0.7,0.4,0.4,1.0,1.1,0.7,10.34,PHX
P.J. Tucker,PF,2.7,5.6,47.3,0.3,0.9,31.4,0.8,1.1,74.4,2.4,4.7,50.3,1.14,0.5,79,45.0,24.2,6.4,1.7,2.8,4.4,1.4,0.8,0.2,0.8,1.8,1.6,11.58,PHX
Sebastian Telfair,PG,2.0,5.4,38.1,0.9,2.5,38.1,1.0,1.2,77.2,1.1,2.9,38.1,1.113,0.47,46,2.0,17.3,6.0,0.3,1.2,1.5,2.5,0.6,0.2,1.2,1.8,2.2,10.97,PHX
Marcus Morris Sr.,SF,2.2,5.5,40.5,0.5,1.7,30.8,0.7,1.8,40.5,1.7,3.8,44.8,1.04,0.45,23,6.0,16.1,5.7,0.7,1.8,2.5,0.7,0.8,0.2,1.0,1.7,0.6,8.61,PHX
Hamed Haddadi,C,1.6,3.6,45.9,0.0,0.0,0.0,0.8,1.5,52.0,1.6,3.6,45.9,1.131,0.46,17,0.0,13.8,4.1,1.9,3.2,5.1,0.5,0.3,1.2,1.6,2.6,0.3,11.19,PHX
Kendall Marshall,PG,1.2,3.1,37.1,0.5,1.5,31.5,0.2,0.3,57.1,0.7,1.6,42.3,0.9470000000000001,0.45,48,3.0,14.6,3.0,0.1,0.8,0.9,3.0,0.5,0.1,1.2,1.0,2.5,7.85,PHX
Diante Garrett,PG,0.8,2.6,32.7,0.2,0.8,20.0,0.3,0.5,50.0,0.7,1.8,38.2,0.816,0.36,19,0.0,7.8,2.1,0.3,0.5,0.8,1.6,0.5,0.0,0.8,0.3,1.9,9.0,PHX
Luke Zeller,PF,0.6,1.6,34.6,0.1,0.3,20.0,0.0,0.0,0.0,0.5,1.3,38.1,0.731,0.37,16,0.0,3.6,1.2,0.1,0.6,0.6,0.2,0.0,0.0,0.0,0.3,inf,5.71,PHX
DeMarcus Cousins,C,6.4,13.8,46.5,0.1,0.3,18.2,4.2,5.6,73.8,6.4,13.5,47.1,1.236,0.47,75,74.0,30.5,17.1,3.0,7.0,9.9,2.7,1.4,0.7,3.0,3.6,0.9,20.21,SAC
Tyreke Evans,G,5.6,11.8,47.8,0.7,2.0,33.8,3.2,4.2,77.5,4.9,9.7,50.8,1.29,0.51,65,61.0,31.0,15.2,0.9,3.6,4.4,3.5,1.4,0.4,2.0,2.0,1.8,18.16,SAC
Isaiah Thomas,G,4.6,10.5,44.0,1.5,4.1,35.8,3.2,3.6,88.2,3.2,6.5,49.1,1.3219999999999998,0.51,79,62.0,26.9,13.9,0.4,1.7,2.0,4.0,0.8,0.0,1.8,2.1,2.3,17.58,SAC
Marcus Thornton,SG,4.6,10.8,42.9,2.0,5.3,37.2,1.5,1.8,88.1,2.7,5.5,48.4,1.183,0.52,72,8.0,24.0,12.7,0.7,1.8,2.5,1.3,0.8,0.1,0.9,1.5,1.3,16.32,SAC
Jason Thompson,PF,4.6,9.1,50.2,0.0,0.0,0.0,1.7,2.5,69.4,4.6,9.0,50.4,1.196,0.5,82,81.0,27.9,10.9,2.1,4.6,6.7,1.0,0.6,0.7,1.2,2.8,0.8,14.64,SAC
John Salmons,SF,3.2,8.1,39.9,1.3,3.5,37.1,1.1,1.4,77.3,1.9,4.5,42.0,1.0979999999999999,0.48,76,72.0,30.0,8.8,0.4,2.3,2.7,3.0,0.7,0.3,1.1,1.9,2.7,10.2,SAC
Patrick Patterson,PF,3.5,7.0,49.4,0.7,1.5,44.4,0.5,0.6,78.6,2.8,5.5,50.8,1.149,0.54,24,3.0,23.2,8.0,1.7,3.2,4.8,1.3,0.5,0.5,0.8,2.0,1.6,14.51,SAC
Aaron Brooks,G,3.0,6.6,45.9,1.0,2.8,37.8,0.9,1.1,76.9,2.0,3.8,51.7,1.208,0.54,46,20.0,20.8,8.0,0.3,1.4,1.7,2.3,0.6,0.2,1.4,1.9,1.7,12.12,SAC
Jimmer Fredette,G,2.5,5.9,42.1,0.9,2.3,41.7,1.2,1.4,85.9,1.6,3.7,42.3,1.208,0.5,69,0.0,14.0,7.2,0.3,0.8,1.0,1.3,0.4,0.0,1.0,0.9,1.4,14.66,SAC
Toney Douglas,PG,2.2,5.2,43.0,1.0,2.5,38.9,0.7,0.7,100.0,1.3,2.7,46.7,1.1840000000000002,0.52,22,0.0,17.1,6.1,0.5,1.7,2.2,2.6,1.4,0.0,1.1,1.9,2.3,16.05,SAC
Travis Outlaw,SF,1.9,4.7,41.8,0.4,1.3,28.0,1.0,1.4,73.1,1.6,3.3,47.2,1.13,0.46,38,2.0,11.7,5.3,0.4,1.2,1.6,0.6,0.3,0.2,0.5,0.9,1.1,13.1,SAC
Francisco Garcia,SG,1.9,5.1,37.6,1.0,2.7,36.7,0.3,0.4,85.7,0.9,2.4,38.5,1.005,0.47,40,15.0,17.8,5.2,0.2,1.5,1.7,1.1,0.8,0.8,0.5,1.7,2.2,10.53,SAC
James Johnson,PF,2.2,5.2,41.3,0.0,0.4,9.5,0.7,1.2,59.7,2.1,4.9,43.9,0.975,0.42,54,11.0,16.3,5.1,0.9,1.8,2.7,1.1,0.8,0.9,1.3,1.8,0.9,10.28,SAC
Thomas Robinson,F,2.0,4.8,42.4,0.0,0.0,0.0,0.8,1.4,57.7,2.0,4.8,42.4,1.016,0.42,51,0.0,15.9,4.8,1.8,2.9,4.7,0.7,0.5,0.4,1.3,1.9,0.6,10.63,SAC
Cole Aldrich,C,1.4,2.5,56.8,0.0,0.0,0.0,0.5,0.7,72.7,1.4,2.5,56.8,1.351,0.57,15,0.0,11.7,3.3,1.2,3.0,4.2,0.2,0.1,0.9,0.6,1.3,0.3,15.77,SAC
Chuck Hayes,PF,1.1,2.6,44.2,0.0,0.0,0.0,0.4,0.6,62.5,1.1,2.6,44.4,1.042,0.44,74,1.0,16.3,2.7,1.5,2.5,4.0,1.5,0.4,0.2,0.6,1.5,2.5,10.71,SAC
Tyler Honeycutt,SF,0.3,1.2,27.3,0.0,0.2,0.0,0.2,0.2,100.0,0.3,1.0,33.3,0.727,0.27,9,0.0,3.6,0.9,0.3,0.8,1.1,0.2,0.0,0.1,0.6,0.2,0.4,1.97,SAC
Luol Deng,F,6.2,14.6,42.6,1.0,3.1,32.2,3.1,3.8,81.6,5.2,11.5,45.5,1.1320000000000001,0.46,75,75.0,38.7,16.5,2.2,4.2,6.3,3.0,1.1,0.4,1.9,1.4,1.5,15.12,CHI
Carlos Boozer,PF,6.9,14.4,47.7,0.0,0.0,0.0,2.4,3.3,73.1,6.9,14.4,47.8,1.124,0.48,79,79.0,32.2,16.2,2.2,7.5,9.8,2.3,0.8,0.4,2.2,3.0,1.0,17.17,CHI
Nate Robinson,PG,4.9,11.2,43.3,1.7,4.2,40.5,1.6,2.1,79.9,3.1,7.0,45.0,1.166,0.51,82,23.0,25.4,13.1,0.4,1.9,2.2,4.4,1.0,0.1,1.8,2.5,2.5,17.43,CHI
Joakim Noah,C,4.6,9.5,48.1,0.0,0.1,0.0,2.7,3.6,75.1,4.6,9.5,48.5,1.244,0.48,66,64.0,36.8,11.9,3.9,7.2,11.1,4.0,1.2,2.1,2.7,2.8,1.5,18.16,CHI
Richard Hamilton,SG,4.1,9.5,42.9,0.3,1.0,30.8,1.3,1.5,85.7,3.8,8.5,44.4,1.032,0.45,50,45.0,21.8,9.8,0.3,1.3,1.7,2.4,0.5,0.1,1.7,1.9,1.4,10.65,CHI
Marco Belinelli,G,3.3,8.4,39.5,1.1,3.0,35.7,1.9,2.3,83.9,2.2,5.3,41.6,1.151,0.46,73,27.0,25.8,9.6,0.2,1.7,1.9,2.0,0.6,0.1,1.1,1.9,1.8,10.43,CHI
Jimmy Butler,SF,2.9,6.2,46.7,0.5,1.3,38.1,2.3,2.8,80.3,2.4,5.0,48.9,1.3769999999999998,0.51,82,20.0,26.0,8.6,1.7,2.3,4.0,1.4,1.0,0.4,0.8,1.2,1.9,15.26,CHI
Taj Gibson,C,3.3,6.8,48.5,0.0,0.1,0.0,1.4,2.0,67.9,3.3,6.7,49.0,1.172,0.49,65,5.0,22.4,8.0,1.9,3.4,5.3,0.9,0.4,1.4,1.2,2.6,0.8,14.5,CHI
Kirk Hinrich,SG,2.7,7.0,37.7,1.2,3.0,39.0,1.2,1.6,71.4,1.5,4.0,36.7,1.088,0.46,60,60.0,29.4,7.7,0.3,2.4,2.6,5.2,1.1,0.4,1.7,3.2,3.2,10.88,CHI
Nazr Mohammed,C,1.0,2.9,36.7,0.0,0.0,0.0,0.5,0.7,72.3,1.0,2.8,37.1,0.922,0.37,63,12.0,11.0,2.6,1.2,1.9,3.1,0.4,0.3,0.5,0.4,1.5,1.1,10.84,CHI
Daequan Cook,SG,0.9,3.3,27.8,0.5,1.8,24.6,0.2,0.3,77.8,0.5,1.4,31.9,0.759,0.35,33,0.0,8.4,2.5,0.1,1.2,1.3,0.3,0.1,0.2,0.3,0.4,1.0,4.06,CHI
Marquis Teague,G,0.9,2.4,38.1,0.1,0.5,17.4,0.2,0.3,56.3,0.8,1.9,43.3,0.8759999999999999,0.4,48,0.0,8.2,2.1,0.1,0.9,0.9,1.3,0.2,0.1,0.7,1.0,1.8,6.04,CHI
Malcolm Thomas,PF,0.7,1.3,55.6,0.0,0.0,0.0,0.3,0.6,50.0,0.7,1.3,55.6,1.3330000000000002,0.56,7,0.0,5.1,1.7,0.7,0.9,1.6,0.3,0.3,0.1,0.3,1.0,1.0,16.72,CHI
Vladimir Radmanovic,SF,0.5,1.7,30.2,0.2,1.1,18.5,0.1,0.1,66.7,0.3,0.6,50.0,0.767,0.36,25,0.0,5.8,1.3,0.4,0.7,1.1,0.3,0.3,0.2,0.3,1.2,1.1,6.29,CHI
Lou Amundson,PF,0.0,1.0,0.0,0.0,0.0,0.0,0.0,0.0,0.0,0.0,1.0,0.0,0.0,0.0,1,0.0,2.0,0.0,1.0,0.0,1.0,0.0,0.0,0.0,0.0,0.0,0.0,0.0,CHI
Kyrie Irving,PG,8.2,18.1,45.2,1.8,4.7,39.1,4.2,4.9,85.5,6.4,13.4,47.4,1.238,0.5,59,59.0,34.7,22.5,0.6,3.1,3.7,5.9,1.5,0.4,3.2,2.5,1.8,21.51,CLE
Dion Waiters,G,5.5,13.4,41.2,1.0,3.3,31.0,2.6,3.5,74.6,4.5,10.0,44.6,1.097,0.45,61,48.0,28.8,14.7,0.4,2.1,2.4,3.0,1.0,0.3,2.0,1.9,1.5,13.77,CLE
Anderson Varejao,C,5.5,11.6,47.8,0.0,0.2,0.0,3.1,4.1,75.5,5.5,11.4,48.6,1.2209999999999999,0.48,25,25.0,36.0,14.1,5.5,8.9,14.4,3.4,1.5,0.6,1.8,2.7,1.9,21.71,CLE
Tristan Thompson,C,4.8,9.7,48.8,0.0,0.0,0.0,2.2,3.5,60.8,4.8,9.7,49.0,1.198,0.49,82,82.0,31.3,11.7,3.7,5.7,9.4,1.3,0.7,0.9,1.5,2.9,0.9,16.12,CLE
C.J. Miles,G,3.9,9.4,41.5,1.9,5.0,38.4,1.4,1.6,86.9,2.0,4.4,45.1,1.187,0.52,65,13.0,21.0,11.2,0.4,2.3,2.7,1.0,0.8,0.3,1.1,2.1,0.9,15.38,CLE
Wayne Ellington,SG,3.8,8.7,43.9,1.4,3.8,37.1,1.4,1.6,89.8,2.4,4.9,49.2,1.2,0.52,38,17.0,25.9,10.4,0.5,2.5,3.0,1.6,0.8,0.1,0.9,1.1,1.9,13.95,CLE
Alonzo Gee,SG,3.7,9.1,41.0,0.8,2.7,31.5,2.0,2.5,79.5,2.9,6.4,45.0,1.1320000000000001,0.46,82,82.0,31.0,10.3,0.9,3.0,3.9,1.6,1.3,0.4,1.6,2.4,1.0,10.56,CLE
Marreese Speights,F,3.9,8.6,45.7,0.0,0.1,20.0,2.2,2.8,80.6,3.9,8.5,46.1,1.175,0.46,39,1.0,18.5,10.2,1.8,3.3,5.1,0.7,0.4,0.7,1.2,2.3,0.6,18.3,CLE
Tyler Zeller,C,3.2,7.3,43.8,0.0,0.1,0.0,1.6,2.0,76.4,3.2,7.2,44.1,1.091,0.44,77,55.0,26.4,7.9,2.1,3.6,5.7,1.2,0.5,0.9,1.2,3.3,1.0,11.02,CLE
Jeremy Pargo,PG,3.0,7.5,40.1,0.7,2.3,31.6,1.1,1.6,68.3,2.3,5.2,43.8,1.048,0.45,25,11.0,17.9,7.8,0.3,1.0,1.3,2.6,0.5,0.1,1.5,1.3,1.7,11.39,CLE
Shaun Livingston,G,2.9,5.7,50.7,0.0,0.0,0.0,1.4,1.7,84.3,2.9,5.7,50.9,1.264,0.51,49,12.0,23.2,7.2,0.6,1.9,2.5,3.6,0.8,0.6,1.2,2.1,3.0,14.59,CLE
Daniel Gibson,SG,1.8,5.4,34.0,1.2,3.5,34.4,0.6,0.8,70.3,0.6,1.8,33.3,1.012,0.45,46,3.0,20.0,5.4,0.1,1.2,1.3,1.8,0.7,0.1,0.7,1.9,2.6,7.75,CLE
Donald Sloan,G,1.4,3.9,34.6,0.4,1.0,36.8,1.0,1.3,80.0,1.0,3.0,33.9,1.038,0.39,20,0.0,12.9,4.1,0.2,1.3,1.4,1.9,0.3,0.0,0.7,0.9,2.8,9.95,CLE
Omri Casspi,F,1.5,3.7,39.4,0.6,1.8,32.9,0.5,1.0,53.7,0.9,2.0,45.2,1.081,0.47,43,1.0,11.7,4.0,0.5,2.2,2.7,0.7,0.6,0.3,0.5,1.0,1.3,12.94,CLE
Luke Walton,SF,1.4,3.6,39.2,0.4,1.3,29.9,0.2,0.4,50.0,1.0,2.3,44.7,0.95,0.45,50,0.0,17.1,3.4,0.8,2.1,2.9,3.3,0.8,0.3,1.2,2.0,2.8,11.32,CLE
Samardo Samuels,PF,1.2,3.3,36.7,0.0,0.1,0.0,0.8,1.3,58.3,1.2,3.3,37.3,0.9670000000000001,0.37,18,1.0,10.9,3.2,0.6,1.0,1.6,0.4,0.2,0.2,0.3,1.7,1.3,6.25,CLE
Kevin Jones,PF,1.3,3.3,40.2,0.0,0.0,0.0,0.3,0.5,60.0,1.3,3.3,40.2,0.888,0.4,32,0.0,10.4,3.0,1.2,1.3,2.4,0.3,0.3,0.2,0.3,0.8,1.3,11.14,CLE
Jon Leuer,F,1.1,3.1,35.7,0.0,0.3,0.0,0.2,0.7,33.3,1.1,2.8,40.0,0.7859999999999999,0.36,9,0.0,10.1,2.4,0.6,0.9,1.4,0.6,0.2,0.0,0.6,1.2,1.0,3.32,CLE
Chris Quinn,PG,0.6,2.3,25.0,0.0,0.7,0.0,0.3,0.3,100.0,0.6,1.6,36.4,0.625,0.25,7,0.0,11.1,1.4,0.1,0.1,0.3,1.3,0.4,0.0,0.9,0.6,1.5,1.32,CLE
Greg Monroe,C,6.3,13.1,48.6,0.0,0.0,0.0,3.3,4.8,68.9,6.3,13.0,48.8,1.227,0.49,81,81.0,33.2,16.0,2.9,6.7,9.6,3.5,1.3,0.7,2.9,2.3,1.2,19.52,DET
Brandon Knight,PG,4.8,11.7,40.7,1.6,4.4,36.7,2.2,3.0,73.3,3.2,7.3,43.0,1.138,0.47,75,75.0,31.5,13.3,0.7,2.6,3.3,4.0,0.8,0.1,2.7,2.1,1.5,12.04,DET
Tayshaun Prince,SF,4.8,10.8,44.4,0.5,1.2,43.4,1.6,2.1,79.6,4.3,9.6,44.5,1.089,0.47,45,45.0,32.4,11.7,1.0,3.7,4.6,2.5,0.5,0.3,1.2,1.0,2.1,12.58,DET
Jose Calderon,G,4.5,8.5,52.7,1.8,3.5,52.0,0.9,1.0,89.3,2.6,5.0,53.2,1.376,0.64,28,28.0,31.7,11.6,0.2,2.3,2.5,6.6,1.1,0.1,1.8,1.5,3.6,18.19,DET
Rodney Stuckey,PG,4.0,9.8,40.6,0.7,2.4,30.2,2.8,3.6,78.3,3.3,7.4,44.0,1.171,0.44,76,24.0,28.6,11.5,0.6,2.2,2.8,3.6,0.7,0.2,1.8,1.7,2.0,13.0,DET
Will Bynum,PG,3.9,8.3,46.9,0.4,1.2,31.6,1.6,2.0,80.9,3.5,7.1,49.4,1.178,0.49,65,0.0,18.8,9.8,0.4,1.1,1.5,3.6,0.7,0.1,1.9,2.0,1.8,16.62,DET
Kyle Singler,F,3.4,7.8,42.8,0.9,2.4,35.0,1.2,1.5,80.6,2.5,5.4,46.4,1.121,0.48,82,74.0,28.0,8.8,1.3,2.7,4.0,0.9,0.7,0.5,1.2,2.6,0.8,10.02,DET
Andre Drummond,C,3.5,5.7,60.8,0.0,0.0,50.0,1.0,2.7,37.1,3.5,5.7,60.9,1.392,0.61,60,10.0,20.7,7.9,2.8,4.8,7.6,0.5,1.0,1.6,1.0,2.4,0.5,21.69,DET
Jonas Jerebko,F,2.9,6.4,44.9,0.5,1.7,30.1,1.4,1.8,77.3,2.4,4.8,50.2,1.193,0.49,49,2.0,18.2,7.7,1.4,2.4,3.8,0.9,0.8,0.2,0.9,1.8,1.0,15.72,DET
Jason Maxiell,PF,2.8,6.3,44.6,0.0,0.0,0.0,1.3,2.0,62.1,2.8,6.3,44.6,1.09,0.45,72,71.0,24.8,6.9,1.9,3.8,5.7,0.8,0.4,1.3,1.1,2.4,0.7,11.3,DET
Charlie Villanueva,PF,2.5,6.7,37.7,1.3,3.8,34.7,0.4,0.7,55.1,1.2,3.0,41.5,1.006,0.47,69,0.0,15.8,6.8,0.7,2.8,3.5,0.8,0.4,0.6,0.6,1.4,1.4,14.08,DET
Khris Middleton,SF,2.3,5.2,44.0,0.5,1.7,31.1,1.0,1.2,84.4,1.8,3.6,50.0,1.17,0.49,27,0.0,17.6,6.1,0.1,1.7,1.9,1.0,0.6,0.1,0.4,2.0,2.5,11.43,DET
Corey Maggette,SF,1.5,4.2,35.5,0.3,1.2,23.8,2.0,2.7,75.0,1.2,3.1,40.0,1.25,0.39,18,0.0,14.3,5.3,0.3,1.1,1.4,1.1,0.3,0.1,0.9,2.3,1.1,7.9,DET
Austin Daye,SF,1.8,4.0,44.3,0.9,1.7,52.5,0.6,0.8,83.3,0.9,2.4,38.6,1.258,0.55,24,0.0,14.5,5.1,0.4,2.2,2.6,0.9,0.2,0.3,0.5,1.8,1.6,12.6,DET
Slava Kravtsov,C,1.3,1.8,71.7,0.0,0.0,0.0,0.4,1.5,29.7,1.3,1.8,71.7,1.6740000000000002,0.72,25,0.0,9.0,3.1,1.0,0.8,1.8,0.4,0.2,0.4,0.6,1.3,0.6,14.47,DET
Kim English,SG,1.0,2.7,37.5,0.3,1.2,28.0,0.5,0.7,72.4,0.7,1.5,45.2,1.063,0.44,41,0.0,9.9,2.9,0.2,0.7,0.9,0.6,0.4,0.1,0.5,1.1,1.4,7.97,DET
Paul George,SG,6.2,14.9,41.9,2.2,5.9,36.2,2.8,3.5,80.7,4.1,8.9,45.7,1.171,0.49,79,79.0,37.6,17.4,1.1,6.5,7.6,4.1,1.8,0.6,2.9,2.9,1.4,16.84,IND
David West,F,6.9,13.8,49.8,0.1,0.3,21.1,3.3,4.3,76.8,6.8,13.6,50.3,1.239,0.5,73,73.0,33.4,17.1,2.0,5.7,7.7,2.9,1.0,0.9,2.2,2.0,1.4,20.15,IND
George Hill,PG,5.1,11.5,44.3,1.7,4.6,36.8,2.3,2.8,81.7,3.4,6.8,49.4,1.235,0.52,76,76.0,34.5,14.2,0.6,3.1,3.7,4.7,1.1,0.3,1.5,1.8,3.1,16.59,IND
Roy Hibbert,C,4.9,10.9,44.8,0.0,0.1,25.0,2.1,2.8,74.1,4.9,10.8,44.9,1.091,0.45,79,79.0,28.7,11.9,3.7,4.6,8.3,1.4,0.5,2.6,2.1,3.5,0.7,17.32,IND
Lance Stephenson,G,3.5,7.7,46.0,0.8,2.4,33.0,1.0,1.5,65.2,2.7,5.3,52.0,1.149,0.51,78,72.0,29.2,8.8,0.6,3.3,3.9,2.9,1.0,0.2,1.4,2.1,2.0,11.85,IND
Gerald Green,G,2.6,7.1,36.6,1.0,3.1,31.4,0.9,1.1,80.0,1.6,3.9,40.7,0.993,0.44,60,7.0,18.0,7.0,0.5,1.8,2.4,0.8,0.3,0.4,0.9,1.1,0.9,9.92,IND
Tyler Hansbrough,PF,2.2,5.0,43.2,0.0,0.0,0.0,2.7,3.7,72.0,2.2,5.0,43.6,1.396,0.43,81,8.0,16.9,7.0,2.0,2.6,4.6,0.4,0.4,0.2,1.0,1.9,0.5,15.35,IND
Danny Granger,SF,2.0,7.0,28.6,0.4,2.0,20.0,1.0,1.6,62.5,1.6,5.0,32.0,0.7709999999999999,0.31,5,0.0,14.8,5.4,0.6,1.2,1.8,0.6,0.4,0.2,0.8,1.2,0.8,4.02,IND
Ian Mahinmi,C,1.9,4.1,45.3,0.0,0.0,0.0,1.3,2.1,60.8,1.9,4.1,45.6,1.222,0.45,80,2.0,16.5,5.0,1.4,2.5,3.9,0.3,0.5,0.8,1.2,2.5,0.3,10.65,IND
D.J. Augustin,PG,1.4,3.9,35.0,0.9,2.5,35.3,1.1,1.3,83.8,0.5,1.4,34.6,1.2109999999999999,0.46,76,5.0,16.1,4.7,0.3,0.9,1.2,2.2,0.4,0.0,0.9,0.8,2.5,11.04,IND
Orlando Johnson,SG,1.4,3.5,40.0,0.7,1.8,38.3,0.5,0.6,71.9,0.7,1.7,41.9,1.128,0.5,51,0.0,12.1,4.0,0.4,1.8,2.2,0.9,0.2,0.2,0.6,1.0,1.6,11.4,IND
Jeff Ayres,F,1.6,3.4,48.4,0.1,0.1,50.0,0.6,0.6,91.3,1.6,3.3,48.4,1.151,0.49,37,0.0,10.0,3.9,0.8,2.0,2.8,0.4,0.2,0.3,0.6,1.2,0.7,14.57,IND
Sam Young,SF,1.0,2.6,39.2,0.3,0.9,30.8,0.4,0.8,53.5,0.8,1.7,43.8,1.047,0.45,56,3.0,12.4,2.8,0.5,1.7,2.2,0.8,0.3,0.1,0.6,1.1,1.3,7.5,IND
Ben Hansbrough,PG,0.5,1.6,33.3,0.2,0.8,26.1,0.8,1.0,77.8,0.3,0.8,40.9,1.2670000000000001,0.4,28,0.0,7.1,2.0,0.1,0.6,0.6,0.8,0.3,0.1,0.6,0.8,1.2,7.2,IND
Miles Plumlee,C,0.4,1.5,23.8,0.0,0.0,0.0,0.2,0.3,75.0,0.4,1.5,23.8,0.619,0.24,14,0.0,3.9,0.9,0.9,0.7,1.6,0.1,0.0,0.2,0.2,0.4,0.7,8.83,IND
Dominic McGuire,PF,0.0,1.5,0.0,0.0,0.0,0.0,0.0,1.0,0.0,0.0,1.5,0.0,0.0,0.0,2,1.0,6.0,0.0,0.5,0.5,1.0,0.5,0.0,0.0,0.0,0.0,inf,-5.95,IND
Monta Ellis,SG,7.3,17.5,41.6,1.1,4.0,28.7,3.5,4.6,77.3,6.1,13.5,45.4,1.0979999999999999,0.45,82,82.0,37.5,19.2,0.5,3.3,3.9,6.0,2.1,0.4,3.1,2.0,2.0,16.3,MIL
Brandon Jennings,G,6.2,15.6,39.9,2.2,5.8,37.5,2.9,3.5,81.9,4.1,9.8,41.2,1.12,0.47,80,80.0,36.2,17.5,0.7,2.3,3.1,6.5,1.6,0.1,2.5,1.9,2.6,16.2,MIL
Ersan Ilyasova,PF,5.1,11.0,46.2,1.3,2.9,44.4,1.7,2.2,79.6,3.8,8.1,46.9,1.198,0.52,73,54.0,27.6,13.2,2.1,5.0,7.1,1.6,0.9,0.5,1.0,2.5,1.6,18.37,MIL
JJ Redick,SG,4.3,10.6,40.3,1.7,5.4,31.8,2.0,2.2,91.8,2.6,5.3,49.0,1.1540000000000001,0.48,28,2.0,28.7,12.3,0.3,1.6,1.9,2.7,0.3,0.1,1.2,1.7,2.3,11.97,MIL
Mike Dunleavy,SG,3.7,8.3,44.2,1.7,4.0,42.8,1.4,1.7,82.0,2.0,4.3,45.5,1.258,0.54,75,3.0,25.9,10.5,0.4,3.5,3.9,1.9,0.5,0.5,1.2,1.8,1.6,13.64,MIL
Larry Sanders,PF,4.3,8.5,50.6,0.0,0.0,0.0,1.2,1.9,61.8,4.3,8.5,50.7,1.15,0.51,71,55.0,27.3,9.8,3.2,6.3,9.5,1.2,0.7,2.8,1.2,3.3,1.0,18.77,MIL
Beno Udrih,PG,2.9,6.1,47.5,0.3,1.3,26.5,0.6,0.8,72.7,2.6,4.8,52.9,1.105,0.5,39,0.0,18.4,6.7,0.4,1.6,2.0,3.5,0.4,0.1,1.4,1.0,2.6,13.66,MIL
Luc Mbah a Moute,F,2.6,6.5,40.1,0.2,0.6,35.1,1.2,2.2,57.1,2.4,5.9,40.6,1.0270000000000001,0.42,58,45.0,22.9,6.7,1.5,2.9,4.4,0.9,0.7,0.2,1.2,1.4,0.8,9.09,MIL
Samuel Dalembert,C,2.9,5.4,54.2,0.0,0.0,100.0,0.8,1.2,69.1,2.9,5.4,54.0,1.237,0.54,47,23.0,16.3,6.7,2.2,3.6,5.9,0.4,0.4,1.1,1.1,1.9,0.4,18.6,MIL
John Henson,F,2.6,5.3,48.2,0.0,0.0,0.0,0.9,1.7,53.3,2.6,5.3,48.6,1.131,0.48,63,9.0,13.1,6.0,1.8,2.9,4.7,0.5,0.3,0.7,0.7,1.3,0.7,18.3,MIL
Marquis Daniels,SG,2.2,5.9,37.6,0.3,1.2,27.8,0.7,0.9,74.1,1.9,4.7,40.1,0.9229999999999999,0.4,59,33.0,18.4,5.5,0.8,1.7,2.5,1.1,0.9,0.2,0.8,1.3,1.4,9.2,MIL
Tobias Harris,PF,1.9,4.1,46.1,0.3,0.8,33.3,0.8,0.9,88.5,1.6,3.4,48.9,1.183,0.49,28,14.0,11.6,4.9,0.6,1.4,2.0,0.5,0.3,0.3,0.6,1.1,0.7,13.05,MIL
Ekpe Udoh,F,1.5,3.5,43.5,0.0,0.0,0.0,1.2,1.6,74.8,1.5,3.5,43.7,1.2009999999999998,0.43,76,9.0,17.3,4.3,1.5,1.8,3.3,0.6,0.5,1.1,0.6,1.8,1.0,12.0,MIL
Gustavo Alfonso Ayon,PF,2.1,3.5,59.5,0.0,0.0,0.0,0.1,1.0,8.3,2.1,3.5,59.5,1.214,0.6,12,0.0,13.6,4.3,1.7,3.3,4.9,1.0,0.8,0.3,0.8,2.0,1.3,16.66,MIL
Doron Lamb,SG,1.4,4.1,34.7,0.2,0.7,25.0,0.3,0.7,53.3,1.3,3.4,36.7,0.821,0.37,23,0.0,12.2,3.4,0.1,0.6,0.7,0.9,0.3,0.0,0.7,1.2,1.3,3.07,MIL
Drew Gooden,PF,1.3,3.8,32.8,0.1,0.3,20.0,0.7,1.0,68.8,1.2,3.5,33.9,0.852,0.34,16,0.0,9.4,3.3,0.8,1.1,1.9,0.4,0.3,0.4,0.6,1.3,0.7,7.7,MIL
Ish Smith,PG,1.1,2.7,39.5,0.3,0.6,40.0,0.0,0.0,0.0,0.8,2.1,39.4,0.884,0.44,16,0.0,8.6,2.4,0.1,0.9,0.9,1.9,0.5,0.2,0.6,0.8,3.0,12.11,MIL
Joel Przybilla,C,0.1,0.3,25.0,0.0,0.0,0.0,0.0,0.2,0.0,0.1,0.3,25.0,0.5,0.25,12,1.0,5.7,0.2,0.4,1.3,1.8,0.3,0.1,0.2,0.3,0.8,1.0,3.35,MIL
Dirk Nowitzki,F,6.5,13.7,47.1,1.2,3.0,41.4,3.1,3.6,86.0,5.2,10.8,48.7,1.26,0.52,53,47.0,31.3,17.3,0.7,6.2,6.8,2.5,0.7,0.7,1.3,1.8,1.9,19.88,DAL
O.J. Mayo,SG,5.6,12.5,44.9,1.7,4.3,40.7,2.3,2.8,82.0,3.9,8.3,47.1,1.2229999999999999,0.52,82,82.0,35.5,15.3,0.4,3.1,3.5,4.4,1.1,0.3,2.6,2.4,1.7,14.0,DAL
Vince Carter,G,4.6,10.6,43.5,2.0,4.9,40.6,2.2,2.8,81.6,2.6,5.6,46.1,1.273,0.53,81,3.0,25.8,13.4,0.7,3.4,4.1,2.4,0.9,0.5,1.3,2.8,1.8,17.87,DAL
Shawn Marion,SG,5.3,10.3,51.4,0.3,1.1,31.5,1.2,1.5,78.2,5.0,9.2,53.8,1.177,0.53,67,67.0,30.0,12.1,2.2,5.7,7.8,2.4,1.1,0.7,1.5,1.7,1.6,18.02,DAL
Darren Collison,PG,4.2,8.9,47.1,0.6,1.7,35.3,3.0,3.4,88.0,3.6,7.3,49.8,1.3430000000000002,0.5,81,47.0,29.3,12.0,0.4,2.3,2.7,5.1,1.2,0.1,2.1,1.7,2.4,16.37,DAL
Chris Kaman,C,4.7,9.3,50.7,0.0,0.0,0.0,1.0,1.3,78.8,4.7,9.3,50.8,1.123,0.51,66,52.0,20.7,10.5,1.5,4.2,5.6,0.8,0.4,0.8,1.6,2.1,0.5,16.32,DAL
Derek Fisher,PG,2.6,7.2,35.4,1.1,2.6,43.5,2.3,2.6,91.3,1.4,4.7,31.0,1.185,0.43,9,9.0,25.4,8.6,0.0,1.7,1.7,3.4,0.6,0.2,2.0,2.7,1.7,8.71,DAL
Brandan Wright,F,3.8,6.3,59.7,0.0,0.0,0.0,0.9,1.5,61.5,3.8,6.3,60.1,1.339,0.6,64,16.0,18.0,8.5,1.3,2.7,4.1,0.6,0.4,1.2,0.5,1.2,1.1,21.03,DAL
Elton Brand,PF,3.1,6.6,47.3,0.0,0.0,0.0,0.9,1.3,71.0,3.1,6.6,47.4,1.084,0.47,72,18.0,21.2,7.2,1.8,4.2,6.0,1.0,0.7,1.3,0.8,2.7,1.2,15.19,DAL
Mike James,PG,2.2,6.0,37.3,1.1,2.8,38.4,0.5,0.6,79.3,1.2,3.2,36.3,1.0070000000000001,0.46,45,23.0,19.2,6.1,0.2,1.4,1.6,3.1,0.6,0.1,1.2,2.1,2.5,9.56,DAL
Jae Crowder,PF,1.8,4.7,38.4,0.8,2.5,32.8,0.6,0.9,64.4,1.0,2.2,44.6,1.068,0.47,78,16.0,17.3,5.0,0.4,1.9,2.4,1.2,0.8,0.2,0.6,1.6,1.9,10.25,DAL
Troy Murphy,PF,1.6,4.4,36.1,0.8,2.5,31.4,0.7,0.8,90.9,0.8,1.9,42.3,1.0659999999999998,0.45,14,1.0,18.3,4.6,0.5,3.0,3.5,0.5,0.7,0.4,0.5,2.1,1.0,9.12,DAL
Eddy Curry,NA,2.0,4.0,50.0,0.0,0.0,0.0,0.5,2.0,25.0,2.0,4.0,50.0,1.125,0.5,2,0.0,12.5,4.5,1.0,1.0,2.0,0.0,0.0,0.0,1.5,3.5,0.0,-0.14,DAL
Rodrigue Beaubois,PG,1.4,3.9,36.9,0.5,1.6,29.2,0.7,0.8,78.9,1.0,2.3,42.3,1.028,0.43,45,0.0,12.2,4.0,0.2,1.1,1.3,1.9,0.4,0.1,0.7,1.2,2.5,10.64,DAL
Dominique Jones,SG,1.4,3.8,36.7,0.0,0.3,11.1,1.2,1.8,66.0,1.3,3.4,39.0,1.064,0.37,29,3.0,11.7,4.0,0.6,0.9,1.6,2.9,0.5,0.1,1.3,1.0,2.2,12.48,DAL
Dahntay Jones,SG,1.0,2.8,35.7,0.2,0.7,21.6,1.3,1.6,80.5,0.8,2.1,40.8,1.2429999999999999,0.39,50,15.0,12.7,3.5,0.3,1.1,1.4,0.6,0.2,0.1,0.4,1.5,1.3,6.96,DAL
Bernard James,C,1.2,2.2,51.5,0.0,0.0,0.0,0.5,0.9,61.0,1.2,2.2,52.5,1.272,0.51,46,11.0,9.9,2.8,1.1,1.7,2.8,0.1,0.3,0.8,0.4,1.4,0.3,14.74,DAL
Chris Douglas-Roberts,SG,0.8,2.3,35.7,0.0,0.7,0.0,1.2,1.7,70.0,0.8,1.7,50.0,1.214,0.36,6,0.0,10.5,2.8,0.0,0.8,0.8,0.7,0.3,0.0,0.2,0.7,4.0,8.34,DAL
Anthony Morrow,SG,1.0,2.0,50.0,0.1,0.3,20.0,0.2,0.2,100.0,0.9,1.7,55.2,1.147,0.51,17,0.0,4.8,2.3,0.1,0.2,0.2,0.2,0.1,0.0,0.2,0.6,1.0,10.93,DAL
Jared Cunningham,G,0.8,1.8,42.9,0.3,0.4,66.7,0.3,0.3,100.0,0.5,1.4,36.4,1.143,0.5,8,0.0,3.3,2.0,0.1,0.3,0.4,0.1,0.1,0.0,0.3,0.4,0.5,14.86,DAL
Josh Emmanuel Akognon,PG,0.7,1.3,50.0,0.3,0.7,50.0,0.0,0.0,0.0,0.3,0.7,50.0,1.25,0.63,3,0.0,3.0,1.7,0.0,0.3,0.3,0.3,0.0,0.0,0.0,1.0,inf,15.42,DAL
Chris Wright,PG,0.3,0.7,50.0,0.0,0.0,0.0,0.0,0.0,0.0,0.3,0.7,50.0,1.0,0.5,3,0.0,1.3,0.7,0.0,0.0,0.0,0.0,0.0,0.0,0.3,0.0,0.0,-1.78,DAL
Justin Dentmon,PG,0.0,1.0,0.0,0.0,0.0,0.0,0.0,0.0,0.0,0.0,1.0,0.0,0.0,0.0,2,0.0,2.0,0.0,0.0,0.0,0.0,0.0,0.0,0.0,0.0,0.0,0.0,-19.34,DAL
James Harden,SG,7.5,17.1,43.8,2.3,6.2,36.8,8.6,10.2,85.1,5.2,10.9,47.7,1.5130000000000001,0.5,78,78.0,38.3,25.9,0.8,4.1,4.9,5.8,1.8,0.5,3.8,2.3,1.5,23.0,HOU
Chandler Parsons,SF,6.0,12.4,48.6,2.0,5.2,38.5,1.5,2.0,72.9,4.0,7.2,55.9,1.253,0.57,76,76.0,36.3,15.5,1.0,4.3,5.3,3.5,1.0,0.4,1.9,1.9,1.8,15.33,HOU
Jeremy Lin,G,4.8,10.9,44.1,1.1,3.1,33.9,2.6,3.4,78.5,3.8,7.8,48.3,1.2209999999999999,0.49,82,82.0,32.2,13.4,0.4,2.6,3.0,6.1,1.6,0.4,2.9,2.5,2.1,14.94,HOU
Patrick Patterson,PF,5.0,9.7,51.9,0.7,2.0,36.5,0.8,1.0,75.5,4.3,7.6,56.0,1.196,0.56,47,38.0,25.9,11.6,1.6,3.1,4.7,1.1,0.4,0.6,0.9,1.9,1.2,15.56,HOU
Carlos Delfino,SG,3.7,9.3,40.5,2.4,6.3,37.5,0.7,0.8,85.7,1.4,3.0,46.7,1.1420000000000001,0.53,67,5.0,25.2,10.6,0.3,3.0,3.3,2.0,1.0,0.1,1.1,1.7,1.9,13.39,HOU
Omer Asik,C,4.0,7.5,54.1,0.0,0.0,0.0,2.0,3.6,56.2,4.0,7.5,54.2,1.355,0.54,82,82.0,30.0,10.1,3.4,8.3,11.7,0.9,0.6,1.1,2.1,2.7,0.4,14.89,HOU
Marcus Morris Sr.,SF,3.2,7.4,42.8,1.4,3.6,38.1,0.9,1.4,65.3,1.8,3.8,47.1,1.163,0.52,54,17.0,21.4,8.6,1.2,2.9,4.1,0.9,0.5,0.3,1.0,2.2,0.9,12.18,HOU
Toney Douglas,PG,2.8,7.2,39.5,1.2,3.3,37.7,1.2,1.4,88.2,1.6,3.9,41.1,1.1340000000000001,0.48,49,0.0,18.6,8.1,0.5,1.4,1.8,1.9,0.8,0.0,1.1,2.1,1.7,12.39,HOU
Francisco Garcia,SG,2.3,5.3,43.2,1.5,3.9,38.6,0.3,0.4,85.7,0.8,1.4,56.0,1.2109999999999999,0.57,18,5.0,17.7,6.4,0.1,1.2,1.3,1.1,0.8,0.4,0.7,1.2,1.7,12.26,HOU
Greg Smith,PF,2.4,3.9,62.0,0.0,0.0,0.0,1.2,1.9,62.3,2.4,3.9,62.3,1.536,0.62,70,10.0,15.9,6.0,1.6,3.0,4.6,0.4,0.3,0.6,0.6,2.5,0.6,16.17,HOU
Donatas Motiejunas,F,2.2,4.8,45.5,0.5,1.9,28.9,0.7,1.2,62.7,1.7,3.0,56.2,1.1740000000000002,0.51,44,14.0,12.2,5.7,0.8,1.3,2.1,0.7,0.2,0.2,0.8,1.7,0.8,12.28,HOU
Patrick Beverley,PG,1.9,4.6,41.8,0.9,2.3,37.5,0.8,1.0,82.9,1.0,2.3,46.2,1.206,0.51,41,0.0,17.4,5.6,1.1,1.6,2.7,2.9,0.9,0.5,1.1,2.0,2.7,15.42,HOU
Terrence Jones,PF,2.3,4.9,45.7,0.3,1.0,26.3,0.7,0.9,76.5,2.0,3.9,50.7,1.1059999999999999,0.48,19,0.0,14.5,5.5,1.5,1.9,3.4,0.8,0.6,1.0,0.7,1.1,1.2,17.11,HOU
Thomas Robinson,F,1.8,4.1,44.9,0.0,0.1,0.0,0.8,2.0,42.1,1.8,4.1,45.5,1.103,0.45,19,0.0,13.0,4.5,1.6,2.5,4.1,0.5,0.8,0.3,1.2,1.5,0.4,12.08,HOU
James Anderson,SG,1.4,3.5,40.6,0.6,1.7,32.7,0.6,0.7,89.5,0.9,1.8,48.1,1.139,0.49,29,2.0,10.6,4.0,0.5,1.5,2.0,1.1,0.4,0.1,0.6,0.6,1.8,14.21,HOU
Daequan Cook,SG,1.3,3.7,35.6,0.7,1.9,36.7,0.1,0.2,66.7,0.6,1.8,34.5,0.932,0.45,16,1.0,10.3,3.4,0.3,0.8,1.1,0.6,0.4,0.1,0.4,0.8,1.7,8.84,HOU
Cole Aldrich,C,0.8,1.4,53.5,0.0,0.0,0.0,0.1,0.3,44.4,0.8,1.4,53.5,1.163,0.53,30,0.0,7.1,1.7,0.4,1.5,1.9,0.2,0.1,0.3,0.5,1.4,0.4,7.35,HOU
Aaron Brooks,G,0.6,1.9,30.8,0.3,1.0,28.6,0.0,0.0,0.0,0.3,0.9,33.3,0.769,0.38,7,0.0,5.4,1.4,0.1,0.1,0.3,0.9,0.1,0.4,0.6,0.7,1.5,5.62,HOU
Scott Machado,G,0.5,1.0,50.0,0.0,0.2,0.0,0.3,0.3,100.0,0.5,0.8,60.0,1.3330000000000002,0.5,6,0.0,3.5,1.3,0.0,0.2,0.2,1.0,0.3,0.0,1.3,0.0,0.8,6.02,HOU
Tim Ohlbrecht,PF,0.3,1.0,33.3,0.0,0.0,0.0,0.3,0.3,100.0,0.3,1.0,33.3,1.0,0.33,3,0.0,4.0,1.0,0.0,0.3,0.3,0.3,0.3,0.0,1.3,0.3,0.3,-6.06,HOU
Rudy Gay,SF,6.7,16.4,40.8,1.0,3.1,31.0,2.9,3.7,77.6,5.7,13.3,43.1,1.051,0.44,42,42.0,36.7,17.2,1.3,4.6,5.9,2.6,1.3,0.7,2.5,2.1,1.0,14.21,MEM
Zach Randolph,F,6.2,13.5,46.0,0.0,0.3,8.7,3.0,3.9,75.0,6.2,13.2,46.9,1.1420000000000001,0.46,76,75.0,34.3,15.4,4.1,7.2,11.2,1.4,0.8,0.4,2.0,2.4,0.7,17.92,MEM
Mike Conley,PG,5.2,11.8,44.0,1.3,3.7,36.1,2.9,3.5,83.0,3.9,8.1,47.7,1.2429999999999999,0.5,80,80.0,34.5,14.6,0.5,2.3,2.8,6.1,2.2,0.3,2.4,2.1,2.6,18.38,MEM
Marc Gasol,C,5.4,10.9,49.4,0.0,0.2,7.1,3.4,4.0,84.8,5.4,10.7,50.1,1.297,0.49,80,80.0,35.0,14.1,2.3,5.5,7.8,4.0,1.0,1.7,2.0,3.2,2.0,19.57,MEM
Tony Allen,SG,3.6,8.1,44.5,0.0,0.3,12.5,1.7,2.4,71.7,3.6,7.8,45.8,1.105,0.45,79,79.0,26.7,8.9,1.5,3.1,4.6,1.2,1.5,0.6,1.2,2.7,1.0,13.26,MEM
Tayshaun Prince,SF,3.9,9.1,42.9,0.4,1.1,36.6,0.6,1.0,59.5,3.5,8.0,43.7,0.9670000000000001,0.45,37,36.0,31.7,8.8,0.8,3.4,4.2,2.3,0.7,0.3,0.9,1.1,2.4,10.24,MEM
Jerryd Bayless,G,3.3,7.8,41.9,0.9,2.5,35.3,1.3,1.5,83.6,2.4,5.3,45.0,1.1159999999999999,0.48,80,4.0,22.1,8.7,0.3,1.9,2.2,3.3,0.7,0.2,1.5,2.1,2.2,13.51,MEM
Marreese Speights,F,2.7,6.2,42.9,0.1,0.1,40.0,1.2,1.7,71.6,2.6,6.1,43.0,1.061,0.43,40,2.0,14.5,6.6,1.9,2.8,4.7,0.5,0.3,0.7,0.9,2.2,0.5,16.16,MEM
Quincy Pondexter,F,2.2,5.1,42.8,1.0,2.6,39.5,1.0,1.3,78.7,1.2,2.5,46.3,1.254,0.53,59,1.0,21.1,6.4,0.7,1.5,2.2,1.0,0.6,0.1,0.7,1.6,1.5,10.98,MEM
Darrell Arthur,F,2.7,6.1,45.1,0.1,0.3,27.8,0.6,0.8,71.7,2.7,5.8,46.0,1.008,0.46,59,3.0,16.4,6.1,1.2,1.7,2.9,0.6,0.4,0.6,0.7,2.1,0.8,11.89,MEM
Wayne Ellington,SG,2.0,5.0,40.7,1.0,2.4,42.3,0.4,0.4,93.8,1.0,2.6,39.2,1.095,0.51,40,4.0,16.9,5.5,0.1,1.2,1.3,1.1,0.4,0.0,0.6,1.0,1.8,9.86,MEM
Ed Davis,C,2.1,4.0,51.7,0.0,0.0,0.0,1.0,1.8,56.9,2.1,4.0,51.7,1.294,0.52,36,4.0,15.1,5.1,1.6,2.9,4.4,0.2,0.4,1.3,0.5,2.2,0.4,17.2,MEM
Keyon Dooling,PG,1.4,3.0,47.6,0.7,1.7,41.7,0.9,1.0,85.7,0.7,1.3,55.6,1.476,0.6,7,0.0,11.7,4.4,0.0,0.1,0.1,1.1,0.1,0.0,0.7,1.1,1.6,11.25,MEM
Austin Daye,SF,1.5,3.6,42.3,0.6,1.9,34.5,0.4,0.5,68.8,0.9,1.7,50.9,1.126,0.51,31,0.0,10.6,4.0,0.2,1.7,1.9,0.7,0.3,0.5,0.5,1.3,1.3,13.35,MEM
Chris Johnson,SG,1.4,3.1,44.0,0.8,2.3,33.3,0.1,0.3,50.0,0.6,0.9,71.4,1.16,0.56,8,0.0,12.8,3.6,0.6,0.8,1.4,0.3,0.5,0.0,0.4,0.6,0.7,10.73,MEM
Tony Wroten,SG,0.9,2.5,38.4,0.1,0.5,25.0,0.6,0.8,72.4,0.8,2.0,41.4,1.058,0.41,35,0.0,7.8,2.6,0.4,0.4,0.8,1.2,0.2,0.1,0.8,1.0,1.5,9.34,MEM
Josh Selby,PG,0.6,2.2,27.3,0.1,0.6,16.7,0.7,1.1,63.6,0.5,1.6,31.3,0.909,0.3,10,0.0,5.9,2.0,0.0,0.5,0.5,0.4,0.2,0.0,0.7,0.7,0.6,0.14,MEM
Jon Leuer,F,0.8,1.3,62.5,0.0,0.0,0.0,0.2,0.4,57.1,0.8,1.3,62.5,1.4169999999999998,0.63,19,0.0,5.1,1.8,0.4,0.8,1.3,0.2,0.2,0.0,0.2,0.5,1.0,17.22,MEM
Hamed Haddadi,C,0.5,1.6,33.3,0.0,0.0,0.0,0.1,0.2,50.0,0.5,1.6,33.3,0.7140000000000001,0.33,13,0.0,6.7,1.2,0.8,1.1,1.8,0.3,0.1,0.5,0.3,1.2,1.0,7.46,MEM
Dexter Pittman,C,0.1,0.9,16.7,0.0,0.0,0.0,0.0,0.4,0.0,0.1,0.9,16.7,0.33299999999999996,0.17,7,0.0,2.9,0.3,0.4,0.3,0.7,0.0,0.0,0.0,0.1,0.6,0.0,-7.64,MEM
Eric Gordon,SG,5.6,13.9,40.2,1.3,4.1,32.4,4.5,5.3,84.2,4.3,9.8,43.6,1.2209999999999999,0.45,42,40.0,30.1,17.0,0.2,1.6,1.8,3.3,1.1,0.2,2.8,1.8,1.2,15.43,NO
Ryan Anderson,PF,5.8,13.8,42.3,2.6,6.9,38.2,1.9,2.2,84.4,3.2,6.9,46.4,1.1740000000000002,0.52,81,22.0,30.9,16.2,2.4,4.0,6.4,1.2,0.5,0.4,1.2,2.2,1.0,18.17,NO
Greivis Vasquez,PG,5.6,13.0,43.3,1.1,3.1,34.2,1.6,2.0,80.5,4.6,9.9,46.2,1.07,0.47,78,78.0,34.4,13.9,0.6,3.8,4.3,9.0,0.8,0.1,3.2,2.4,2.9,16.34,NO
Anthony Davis,PF,5.5,10.6,51.6,0.0,0.1,0.0,2.6,3.5,75.1,5.5,10.5,52.1,1.2830000000000001,0.52,64,60.0,28.8,13.5,2.6,5.6,8.2,1.0,1.2,1.8,1.4,2.5,0.7,21.8,NO
Robin Lopez,C,4.7,8.8,53.4,0.0,0.0,0.0,2.0,2.5,77.8,4.7,8.8,53.4,1.2919999999999998,0.53,82,82.0,26.0,11.3,2.8,2.9,5.6,0.8,0.4,1.6,1.3,2.0,0.6,18.98,NO
Jason Smith,F,3.3,6.7,49.0,0.0,0.1,0.0,1.7,2.0,84.3,3.3,6.6,49.6,1.232,0.49,51,0.0,17.2,8.2,1.3,2.4,3.6,0.7,0.3,0.9,1.1,2.4,0.6,16.84,NO
Al-Farouq Aminu,SF,3.0,6.2,47.5,0.1,0.3,21.1,1.3,1.8,73.7,2.9,6.0,48.6,1.171,0.48,76,71.0,27.2,7.3,1.8,5.9,7.7,1.4,1.2,0.7,1.5,2.0,0.9,13.73,NO
Brian Roberts,PG,2.7,6.6,41.7,0.8,2.0,38.6,0.9,1.0,90.9,2.0,4.6,43.0,1.0859999999999999,0.47,78,5.0,17.0,7.1,0.2,1.0,1.2,2.8,0.5,0.0,0.9,1.4,3.1,14.65,NO
Austin Rivers,SG,2.4,6.4,37.2,0.5,1.4,32.6,1.0,1.8,54.6,1.9,5.0,38.5,0.9670000000000001,0.41,61,26.0,23.2,6.2,0.3,1.5,1.8,2.1,0.4,0.1,1.2,2.0,1.7,5.95,NO
Roger Mason Jr.,SG,1.9,4.4,43.3,1.0,2.3,41.5,0.6,0.6,90.7,1.0,2.1,45.2,1.21,0.54,69,13.0,17.7,5.3,0.2,1.8,1.9,1.1,0.4,0.2,0.7,1.5,1.5,10.03,NO
Hakim Warrick,PF,1.0,2.0,50.0,0.0,0.0,0.0,2.0,2.0,100.0,1.0,2.0,50.0,2.0,0.5,1,0.0,7.0,4.0,0.0,0.0,0.0,0.0,1.0,0.0,0.0,0.0,0.0,28.87,NO
Xavier Henry,SG,1.3,3.2,41.0,0.1,0.2,36.4,1.2,1.8,63.0,1.2,3.0,41.3,1.205,0.42,50,2.0,12.5,3.9,0.4,1.4,1.8,0.3,0.3,0.1,0.6,1.4,0.4,7.65,NO
Lance Thomas,F,0.9,1.8,50.0,0.0,0.0,0.0,0.7,1.0,72.9,0.9,1.8,50.0,1.406,0.5,59,9.0,10.9,2.5,0.7,1.2,1.9,0.3,0.2,0.1,0.2,1.3,1.2,10.09,NO
Lou Amundson,PF,1.0,2.3,42.9,0.0,0.0,0.0,0.4,0.9,50.0,1.0,2.3,42.9,1.048,0.43,18,0.0,11.6,2.4,1.3,1.9,3.2,0.4,0.5,0.3,0.4,1.5,1.0,11.68,NO
Darius Miller,SF,0.8,2.1,40.7,0.4,1.1,39.3,0.2,0.2,100.0,0.4,1.0,42.3,1.093,0.51,52,2.0,13.3,2.3,0.2,1.3,1.5,0.8,0.3,0.2,0.4,1.7,1.9,6.34,NO
Dominic McGuire,PF,1.0,2.3,42.9,0.0,0.0,0.0,0.1,0.2,50.0,1.0,2.3,42.9,0.905,0.43,9,0.0,16.1,2.1,0.8,2.3,3.1,1.0,0.9,0.3,0.6,1.4,1.8,9.1,NO
Henry Sims,C,1.0,1.5,66.7,0.0,0.0,0.0,0.0,0.0,0.0,1.0,1.5,66.7,1.3330000000000002,0.67,2,0.0,2.5,2.0,1.0,0.0,1.0,0.0,0.0,0.0,0.5,0.5,0.0,29.3,NO
Terrel Harris,SG,0.2,1.5,10.5,0.0,0.5,0.0,0.1,0.2,50.0,0.2,0.9,16.7,0.263,0.11,13,0.0,8.3,0.4,0.0,1.3,1.3,0.5,0.2,0.2,1.0,1.1,0.5,-6.75,NO
Donald Sloan,G,0.0,0.0,0.0,0.0,0.0,0.0,0.0,0.0,0.0,0.0,0.0,0.0,0.0,0.0,3,0.0,2.0,0.0,0.0,0.0,0.0,0.3,0.0,0.0,0.3,0.0,1.0,-3.28,NO
Tony Parker,G,7.9,15.1,52.2,0.4,1.0,35.3,4.2,5.0,84.5,7.5,14.0,53.4,1.348,0.53,66,66.0,32.9,20.3,0.3,2.7,3.0,7.6,0.8,0.1,2.6,1.4,2.9,23.1,SA
Tim Duncan,C,7.1,14.1,50.2,0.0,0.1,28.6,3.6,4.3,81.7,7.1,14.0,50.4,1.2570000000000001,0.5,69,69.0,30.1,17.8,1.8,8.1,9.9,2.7,0.7,2.7,2.1,1.7,1.3,24.45,SA
Kawhi Leonard,SF,4.5,9.1,49.4,1.1,3.0,37.4,1.8,2.2,82.5,3.4,6.1,55.4,1.31,0.56,58,57.0,31.2,11.9,1.1,4.9,6.0,1.6,1.7,0.6,1.1,1.7,1.5,16.46,SA
Manu Ginobili,G,3.8,9.0,42.5,1.4,3.9,35.3,2.7,3.4,79.6,2.4,5.1,48.0,1.308,0.5,60,0.0,23.2,11.8,0.5,2.9,3.4,4.6,1.3,0.2,2.2,1.9,2.1,19.05,SA
Danny Green,SF,3.7,8.3,44.8,2.2,5.2,42.9,0.8,1.0,84.8,1.5,3.1,48.0,1.264,0.58,80,80.0,27.5,10.5,0.5,2.6,3.1,1.8,1.2,0.7,1.2,1.6,1.5,14.19,SA
Tiago Splitter,C,3.9,7.0,56.0,0.0,0.0,0.0,2.6,3.5,73.0,3.9,6.9,56.1,1.4880000000000002,0.56,81,58.0,24.7,10.3,1.8,4.6,6.4,1.6,0.8,0.8,1.2,2.0,1.3,18.72,SA
Gary Neal,PG,3.6,8.8,41.2,1.3,3.7,35.5,0.9,1.1,86.5,2.3,5.1,45.4,1.08,0.49,68,17.0,21.8,9.5,0.2,1.9,2.1,1.9,0.4,0.0,1.0,1.4,1.9,11.59,SA
Stephen Jackson,SF,2.2,6.0,37.3,0.8,3.1,27.1,0.9,1.3,70.0,1.4,2.9,48.1,1.033,0.44,55,6.0,19.5,6.2,0.4,2.4,2.8,1.5,0.7,0.3,1.4,1.6,1.0,8.09,SA
Boris Diaw,C,2.4,4.4,53.9,0.4,1.0,38.5,0.6,0.9,72.3,2.0,3.4,58.7,1.31,0.58,75,20.0,22.8,5.8,0.9,2.5,3.4,2.4,0.7,0.4,1.1,1.9,2.1,11.96,SA
DeJuan Blair,C,2.3,4.4,52.4,0.0,0.0,0.0,0.7,1.1,62.9,2.3,4.4,52.6,1.21,0.52,61,16.0,14.0,5.4,1.1,2.7,3.8,0.7,0.6,0.2,0.8,1.8,0.9,14.66,SA
Patty Mills,PG,1.9,4.2,46.9,0.9,2.2,40.0,0.3,0.3,84.2,1.1,1.9,55.0,1.22,0.58,58,2.0,11.3,5.1,0.2,0.7,0.9,1.1,0.4,0.1,0.7,0.9,1.6,14.16,SA
Cory Joseph,PG,1.8,3.9,46.4,0.2,0.8,28.6,0.6,0.8,85.7,1.6,3.2,50.6,1.145,0.49,28,9.0,13.9,4.5,0.4,1.4,1.9,1.9,0.5,0.1,0.8,0.9,2.5,13.52,SA
Matt Bonner,C,1.6,3.4,48.7,0.8,1.8,44.2,0.2,0.2,73.3,0.9,1.6,53.6,1.252,0.6,68,4.0,13.4,4.2,0.4,1.5,1.9,0.5,0.3,0.3,0.2,1.3,2.3,11.88,SA
Nando De Colo,G,1.5,3.3,43.6,0.4,1.1,37.8,0.5,0.6,79.5,1.0,2.2,46.5,1.145,0.5,72,6.0,12.8,3.8,0.3,1.6,1.9,1.9,0.6,0.1,1.1,1.2,1.7,11.15,SA
James Anderson,SG,1.1,2.5,44.0,0.5,1.1,45.5,0.7,0.9,77.8,0.6,1.4,42.9,1.36,0.54,10,0.0,9.4,3.4,0.3,1.1,1.4,0.9,0.3,0.2,0.7,0.7,1.3,13.05,SA
Aron Baynes,C,1.1,2.3,50.0,0.0,0.1,0.0,0.4,0.8,58.3,1.1,2.2,51.4,1.194,0.5,16,0.0,8.8,2.7,0.8,1.3,2.0,0.3,0.1,0.4,0.7,1.4,0.5,8.8,SA
Josh Smith,PF,7.2,15.6,46.5,0.8,2.6,30.3,2.2,4.2,51.7,6.4,12.9,49.8,1.123,0.49,76,76.0,35.3,17.5,1.8,6.7,8.4,4.2,1.2,1.8,3.0,2.3,1.4,17.82,ATL
Al Horford,C,7.8,14.3,54.3,0.0,0.1,50.0,1.8,2.8,64.4,7.7,14.2,54.4,1.216,0.54,74,74.0,37.2,17.4,2.6,7.6,10.2,3.2,1.1,1.1,2.0,2.2,1.6,19.84,ATL
Jeff Teague,PG,5.5,12.2,45.1,1.1,3.1,35.9,2.5,2.8,88.1,4.4,9.1,48.2,1.197,0.5,80,78.0,32.9,14.6,0.3,1.9,2.3,7.2,1.5,0.4,2.9,2.3,2.5,16.82,ATL
Lou Williams,SG,4.8,11.4,42.2,1.8,5.0,36.7,2.7,3.1,86.8,2.9,6.3,46.6,1.244,0.5,39,9.0,28.7,14.1,0.2,1.8,2.1,3.6,1.1,0.3,1.9,1.4,1.9,15.98,ATL
Kyle Korver,G,3.7,8.1,46.1,2.6,5.6,45.7,0.9,1.1,85.9,1.2,2.5,47.1,1.348,0.62,74,60.0,30.5,10.9,0.3,3.6,4.0,2.0,0.9,0.5,0.9,2.3,2.1,13.93,ATL
Devin Harris,G,3.3,7.6,43.8,1.3,4.0,33.5,1.9,2.7,72.7,2.0,3.7,54.9,1.3019999999999998,0.52,58,34.0,24.5,9.9,0.1,1.9,2.0,3.4,1.1,0.2,1.5,1.8,2.2,14.69,ATL
Ivan Johnson,PF,2.7,5.2,52.0,0.0,0.2,7.7,1.2,1.9,61.8,2.7,5.0,53.6,1.27,0.52,69,5.0,15.0,6.6,1.1,2.8,3.9,0.7,0.8,0.2,1.0,1.9,0.6,15.8,ATL
John Jenkins,G,2.1,4.8,44.6,0.9,2.3,38.4,1.0,1.1,84.3,1.3,2.6,50.0,1.272,0.54,61,2.0,14.8,6.1,0.3,1.3,1.5,0.9,0.2,0.2,0.7,0.6,1.4,13.08,ATL
Zaza Pachulia,C,2.2,4.6,47.3,0.0,0.1,0.0,1.5,2.0,75.7,2.2,4.6,47.9,1.27,0.47,52,15.0,21.8,5.9,2.5,3.9,6.5,1.5,0.7,0.2,1.3,2.5,1.1,13.11,ATL
Anthony Morrow,SG,2.0,4.6,42.3,0.6,1.6,39.5,0.7,0.8,88.9,1.3,3.0,43.8,1.126,0.49,24,1.0,12.5,5.2,0.4,0.7,1.1,0.4,0.5,0.0,0.2,1.4,2.3,12.4,ATL
Shelvin Mack,G,2.1,4.2,48.8,0.7,1.8,40.0,0.4,0.7,57.1,1.4,2.5,55.1,1.238,0.57,20,1.0,13.4,5.2,0.0,1.2,1.2,2.2,0.5,0.0,1.2,1.4,1.8,12.32,ATL
DeShawn Stevenson,SG,1.8,4.7,37.4,1.4,3.7,36.4,0.2,0.4,52.2,0.4,0.9,41.5,1.084,0.52,56,31.0,20.7,5.1,0.3,1.9,2.2,0.9,0.5,0.1,0.4,1.2,2.3,8.11,ATL
Jannero Pargo,PG,1.9,5.4,34.2,1.0,2.9,35.0,0.3,0.3,100.0,0.9,2.6,33.3,0.9209999999999999,0.43,7,0.0,16.1,5.0,0.1,0.9,1.0,2.7,0.4,0.0,0.7,1.1,3.8,9.73,ATL
Mike Scott,PF,1.8,3.7,47.6,0.0,0.0,0.0,1.1,1.4,76.8,1.8,3.7,47.9,1.245,0.48,40,1.0,9.4,4.6,1.0,1.8,2.8,0.3,0.1,0.1,0.5,0.8,0.6,16.34,ATL
Anthony Tolliver,PF,1.3,3.5,38.0,0.7,2.1,33.8,0.7,0.8,86.3,0.6,1.3,44.6,1.171,0.48,62,11.0,15.5,4.1,0.5,2.0,2.5,0.5,0.2,0.2,0.6,1.1,0.9,8.44,ATL
Johan Petro,C,1.5,3.5,43.6,0.0,0.1,25.0,0.4,0.4,91.7,1.5,3.4,44.3,0.982,0.44,31,8.0,11.4,3.5,1.1,2.5,3.6,0.5,0.3,0.3,0.8,1.5,0.7,11.01,ATL
Dahntay Jones,SG,1.1,2.9,39.0,0.1,0.4,25.0,0.8,1.1,67.7,1.0,2.5,41.4,1.073,0.41,28,4.0,13.6,3.1,0.4,0.7,1.1,0.7,0.4,0.0,0.6,1.6,1.3,5.46,ATL
Jeremy Tyler,C,0.0,0.0,0.0,0.0,0.0,0.0,0.0,0.0,0.0,0.0,0.0,0.0,0.0,0.0,1,0.0,5.0,0.0,0.0,3.0,3.0,0.0,0.0,0.0,0.0,0.0,0.0,8.5,ATL
Kemba Walker,PG,6.4,15.2,42.3,1.3,4.0,32.2,3.6,4.5,79.8,5.1,11.1,45.9,1.17,0.47,82,82.0,34.9,17.7,0.7,2.7,3.5,5.7,2.0,0.4,2.4,1.9,2.4,18.86,CHA
Gerald Henderson,SG,5.6,12.6,44.7,0.5,1.5,33.0,3.8,4.6,82.4,5.1,11.1,46.2,1.234,0.47,68,58.0,31.4,15.5,0.8,2.9,3.7,2.6,1.0,0.5,1.6,2.2,1.6,16.48,CHA
Ramon Sessions,G,4.5,11.1,40.8,0.5,1.8,30.8,4.8,5.7,83.9,4.0,9.3,42.7,1.296,0.43,61,0.0,27.1,14.4,0.4,2.3,2.8,3.8,0.8,0.1,1.7,1.5,2.2,17.8,CHA
Ben Gordon,SG,4.1,10.1,40.8,1.5,3.9,38.7,1.4,1.7,84.3,2.6,6.2,42.1,1.105,0.48,75,0.0,20.8,11.2,0.2,1.5,1.7,1.9,0.5,0.2,1.8,1.8,1.0,12.74,CHA
Byron Mullens,C,4.1,10.6,38.5,1.2,3.9,31.7,1.2,1.9,64.6,2.8,6.7,42.5,1.002,0.44,53,41.0,26.9,10.6,1.3,5.0,6.4,1.5,0.6,0.6,1.4,2.1,1.1,12.35,CHA
Josh McRoberts,PF,3.7,7.3,50.5,0.3,1.1,24.1,1.7,2.1,78.2,3.4,6.2,55.3,1.274,0.52,26,19.0,30.8,9.3,2.0,5.2,7.2,2.7,0.8,0.6,1.5,2.5,1.9,14.8,CHA
Michael Kidd-Gilchrist,F,3.6,7.9,45.8,0.0,0.1,22.2,1.8,2.4,74.9,3.6,7.7,46.2,1.148,0.46,78,77.0,26.0,9.0,1.7,4.2,5.8,1.5,0.7,0.9,1.3,2.1,1.2,14.04,CHA
Jannero Pargo,PG,3.2,7.9,40.1,1.6,4.2,38.2,0.4,0.5,88.9,1.6,3.7,42.4,1.063,0.5,18,0.0,16.2,8.4,0.5,0.7,1.2,1.9,0.8,0.1,1.6,1.4,1.2,14.16,CHA
Hakim Warrick,PF,2.4,6.0,40.5,0.0,0.1,0.0,2.1,3.2,67.4,2.4,5.9,41.2,1.166,0.4,27,14.0,17.9,7.0,0.8,2.5,3.3,0.9,0.4,0.2,1.1,1.4,0.9,11.3,CHA
Jeffery Taylor,SF,2.2,5.2,43.1,0.7,2.0,34.4,1.0,1.3,72.8,1.5,3.2,48.6,1.183,0.5,77,29.0,19.6,6.1,0.7,1.3,1.9,0.8,0.6,0.2,0.6,1.8,1.3,10.33,CHA
Bismack Biyombo,C,2.0,4.3,45.1,0.0,0.0,0.0,0.9,1.8,52.1,2.0,4.3,45.1,1.1159999999999999,0.45,80,65.0,27.3,4.8,2.4,4.9,7.3,0.4,0.4,1.8,1.0,2.4,0.4,10.07,CHA
Tyrus Thomas,PF,1.8,5.2,35.3,0.1,0.3,37.5,1.0,1.2,83.9,1.7,4.9,35.2,0.919,0.36,26,2.0,13.8,4.8,0.6,1.7,2.3,0.7,0.5,0.6,0.7,2.0,1.1,9.6,CHA
Jeff Adrien,SF,1.4,3.2,42.9,0.0,0.0,0.0,1.3,1.9,65.0,1.4,3.2,43.4,1.244,0.43,52,5.0,13.7,4.0,1.3,2.5,3.8,0.7,0.3,0.5,0.6,1.5,1.1,13.39,CHA
Reggie Williams,SF,1.4,3.3,43.2,0.6,1.8,30.6,0.3,0.5,47.6,0.9,1.5,58.3,1.1059999999999999,0.52,40,0.0,9.5,3.7,0.2,1.1,1.3,1.0,0.3,0.0,0.5,0.5,2.1,13.22,CHA
Brendan Haywood,C,1.5,3.5,43.1,0.0,0.0,0.0,0.5,1.1,45.5,1.5,3.5,43.3,1.0,0.43,61,17.0,19.0,3.5,2.0,2.7,4.8,0.5,0.3,0.8,0.8,2.0,0.6,8.76,CHA
Cory Higgins,PG,1.0,3.2,31.6,0.2,0.8,20.0,0.2,0.3,50.0,0.8,2.3,35.7,0.737,0.34,6,0.0,5.3,2.3,0.2,0.3,0.5,0.8,0.5,0.0,0.0,0.8,inf,12.65,CHA
DeSagana Diop,C,0.4,1.2,29.6,0.0,0.0,0.0,0.0,0.0,0.0,0.4,1.2,30.8,0.593,0.3,22,1.0,10.3,0.7,0.5,1.9,2.3,0.6,0.2,0.7,0.4,0.9,1.6,6.63,CHA
Matt Carroll,SG,0.0,0.0,0.0,0.0,0.0,0.0,0.0,0.0,0.0,0.0,0.0,0.0,0.0,0.0,1,0.0,6.0,0.0,0.0,0.0,0.0,1.0,0.0,0.0,0.0,1.0,inf,2.89,CHA
LeBron James,SF,10.1,17.8,56.5,1.4,3.3,40.6,5.3,7.0,75.3,8.7,14.5,60.2,1.504,0.6,76,76.0,37.9,26.8,1.3,6.8,8.0,7.3,1.7,0.9,3.0,1.4,2.4,31.67,MIA
Dwyane Wade,G,8.2,15.8,52.1,0.2,1.0,25.8,4.5,6.2,72.5,8.0,14.9,53.7,1.339,0.53,69,69.0,34.7,21.2,1.2,3.7,5.0,5.1,1.9,0.8,2.8,2.0,1.8,24.04,MIA
Chris Bosh,PF,6.6,12.3,53.5,0.3,1.0,28.4,3.3,4.1,79.8,6.3,11.3,55.7,1.358,0.55,74,74.0,33.2,16.6,1.8,5.0,6.8,1.7,0.9,1.4,1.7,2.3,1.0,20.08,MIA
Ray Allen,SG,3.7,8.2,44.9,1.8,4.2,41.9,1.8,2.0,88.6,1.9,4.0,48.0,1.3259999999999998,0.56,79,0.0,25.8,10.9,0.5,2.2,2.7,1.7,0.8,0.2,1.3,1.6,1.3,14.72,MIA
Mario Chalmers,G,2.9,6.9,42.9,1.6,3.9,40.9,1.2,1.5,79.5,1.4,3.0,45.6,1.2590000000000001,0.55,77,77.0,26.9,8.6,0.2,2.0,2.2,3.5,1.5,0.2,1.5,2.5,2.3,13.29,MIA
Shane Battier,SF,2.1,5.0,42.0,1.9,4.4,43.0,0.4,0.5,84.2,0.2,0.6,34.8,1.304,0.61,72,20.0,24.8,6.6,0.5,1.8,2.3,1.0,0.6,0.8,0.5,2.1,2.1,10.77,MIA
Norris Cole,F,2.2,5.3,42.1,0.4,1.2,35.7,0.7,1.0,65.0,1.8,4.1,44.0,1.047,0.46,80,4.0,19.9,5.6,0.2,1.4,1.6,2.1,0.7,0.1,1.3,1.9,1.6,7.92,MIA
Rashard Lewis,PF,1.9,4.5,41.4,0.9,2.4,38.9,0.5,0.8,62.2,0.9,2.1,44.1,1.145,0.52,55,9.0,14.4,5.2,0.3,1.9,2.2,0.5,0.4,0.3,0.6,1.2,0.9,11.13,MIA
Chris Andersen,PF,1.7,2.9,57.7,0.0,0.1,66.7,1.5,2.2,67.7,1.6,2.9,57.5,1.683,0.59,42,0.0,14.9,4.9,1.4,2.7,4.1,0.4,0.4,1.0,0.6,2.1,0.7,17.44,MIA
Mike Miller,SG,1.7,3.9,43.3,1.2,3.0,41.7,0.1,0.2,72.7,0.5,0.9,48.2,1.216,0.59,59,17.0,15.3,4.8,0.3,2.4,2.7,1.7,0.4,0.1,0.6,1.1,2.8,13.49,MIA
Udonis Haslem,PF,1.7,3.3,51.4,0.0,0.0,0.0,0.4,0.6,71.1,1.7,3.3,51.4,1.155,0.51,75,59.0,18.9,3.9,1.3,4.1,5.4,0.5,0.4,0.2,0.6,2.3,0.8,9.89,MIA
Juwan Howard,PF,1.4,2.7,52.6,0.0,0.0,0.0,0.1,0.1,100.0,1.4,2.7,52.6,1.105,0.53,7,2.0,7.3,3.0,0.0,1.1,1.1,0.9,0.0,0.0,0.6,1.3,1.5,9.96,MIA
Josh Harrellson,C,0.7,1.5,44.4,0.2,0.8,20.0,0.2,0.3,50.0,0.5,0.7,75.0,1.111,0.5,6,0.0,5.2,1.7,0.5,0.7,1.2,0.0,0.2,0.2,0.5,0.7,0.0,8.59,MIA
James Jones,SG,0.6,1.6,34.4,0.4,1.4,30.2,0.1,0.1,50.0,0.1,0.2,62.5,0.9840000000000001,0.48,38,0.0,5.8,1.6,0.0,0.6,0.6,0.3,0.1,0.2,0.1,0.4,4.3,8.17,MIA
Dexter Pittman,C,0.8,1.3,60.0,0.0,0.0,0.0,0.0,0.0,0.0,0.8,1.3,60.0,1.2,0.6,4,0.0,3.0,1.5,1.0,0.8,1.8,0.0,0.0,0.0,0.5,1.0,0.0,17.08,MIA
Terrel Harris,SG,0.3,1.1,25.0,0.0,0.1,0.0,0.9,1.1,75.0,0.3,1.0,28.6,1.25,0.25,7,0.0,4.1,1.4,0.6,0.7,1.3,0.3,0.0,0.0,0.6,0.4,0.5,7.25,MIA
Joel Anthony,C,0.6,1.1,51.5,0.0,0.0,0.0,0.3,0.5,60.7,0.6,1.1,51.5,1.2790000000000001,0.51,62,3.0,9.1,1.4,0.7,1.1,1.9,0.2,0.2,0.7,0.4,0.8,0.6,10.44,MIA
Jarvis Varnado,PF,0.1,0.4,33.3,0.0,0.0,0.0,0.0,0.0,0.0,0.1,0.4,33.3,0.667,0.33,8,0.0,5.0,0.3,0.1,0.6,0.8,0.3,0.0,0.3,0.6,1.1,0.4,-4.04,MIA
Tobias Harris,PF,6.7,14.7,45.3,1.0,3.2,31.0,3.0,4.1,72.1,5.7,11.5,49.4,1.176,0.49,27,20.0,36.1,17.3,2.1,6.4,8.5,2.1,0.9,1.4,1.8,3.3,1.2,17.06,ORL
Arron Afflalo,G,6.2,14.1,43.9,1.1,3.8,30.0,3.0,3.5,85.7,5.1,10.4,48.9,1.168,0.48,64,64.0,36.0,16.5,0.5,3.3,3.7,3.2,0.6,0.2,2.2,2.1,1.5,13.02,ORL
JJ Redick,SG,5.2,11.6,45.0,2.3,6.0,39.0,2.3,2.6,89.1,2.9,5.6,51.4,1.2990000000000002,0.55,50,11.0,31.5,15.1,0.2,2.2,2.4,4.4,0.6,0.1,2.1,1.4,2.1,16.15,ORL
Glen Davis,PF,6.3,14.1,44.8,0.0,0.1,0.0,2.5,3.4,71.8,6.3,14.0,45.0,1.071,0.45,34,33.0,31.3,15.1,1.6,5.6,7.2,2.1,0.9,0.6,1.9,2.6,1.1,15.09,ORL
Jameer Nelson,G,5.5,13.9,39.2,2.2,6.3,34.1,1.6,1.8,87.3,3.3,7.6,43.5,1.054,0.47,56,56.0,35.3,14.7,0.4,3.3,3.7,7.4,1.3,0.1,2.8,2.9,2.7,14.44,ORL
Nikola Vucevic,C,6.0,11.5,51.9,0.0,0.0,0.0,1.1,1.6,68.3,6.0,11.5,52.0,1.1340000000000001,0.52,77,77.0,33.2,13.1,3.5,8.4,11.9,1.9,0.8,1.0,1.8,2.8,1.0,17.85,ORL
Beno Udrih,PG,3.6,8.8,40.8,0.8,2.0,39.6,2.2,2.6,85.7,2.8,6.9,41.1,1.155,0.45,27,9.0,27.3,10.2,0.6,1.7,2.3,6.1,0.9,0.0,2.0,1.9,3.0,14.89,ORL
Maurice Harkless,SF,3.4,7.4,46.1,0.4,1.5,27.4,1.0,1.7,57.0,3.0,5.9,51.0,1.1079999999999999,0.49,76,59.0,26.0,8.2,1.6,2.8,4.4,0.7,1.2,0.8,0.9,1.9,0.7,12.54,ORL
E'Twaun Moore,G,3.2,8.0,39.6,0.9,2.6,34.0,0.6,0.8,79.7,2.3,5.3,42.4,0.983,0.45,75,21.0,22.4,7.8,0.6,1.6,2.2,2.7,0.7,0.3,1.4,1.6,2.0,10.76,ORL
Andrew Nicholson,F,3.4,6.5,52.7,0.0,0.0,0.0,1.0,1.3,79.8,3.4,6.5,52.7,1.208,0.53,75,28.0,16.7,7.8,0.9,2.5,3.4,0.6,0.3,0.4,1.1,1.8,0.6,15.12,ORL
Al Harrington,PF,2.0,5.7,35.1,0.8,3.0,26.7,0.3,0.4,75.0,1.2,2.7,44.4,0.895,0.42,10,0.0,11.9,5.1,0.6,2.1,2.7,1.0,0.4,0.1,0.7,1.8,1.4,10.39,ORL
Kyle O'Quinn,C,1.8,3.5,51.3,0.0,0.0,0.0,0.5,0.8,66.7,1.8,3.4,51.5,1.178,0.51,57,5.0,11.2,4.1,1.1,2.5,3.7,0.9,0.2,0.5,0.6,1.9,1.4,15.89,ORL
Josh McRoberts,PF,1.5,3.7,39.2,0.4,1.3,30.9,0.5,0.7,73.3,1.0,2.4,43.9,1.0390000000000001,0.45,41,3.0,16.7,3.9,1.0,2.3,3.3,1.7,0.2,0.3,0.7,1.6,2.5,10.22,ORL
DeQuan Jones,SF,1.5,3.5,43.6,0.1,0.6,25.7,0.5,0.8,66.7,1.4,2.9,47.0,1.069,0.46,63,17.0,12.7,3.7,0.3,1.4,1.7,0.3,0.3,0.3,0.5,0.9,0.5,8.46,ORL
Gustavo Alfonso Ayon,PF,1.6,2.9,53.6,0.0,0.0,0.0,0.4,0.9,50.0,1.6,2.9,53.6,1.224,0.54,43,3.0,13.3,3.6,0.9,2.3,3.3,1.4,0.3,0.3,0.9,1.9,1.6,11.77,ORL
Doron Lamb,SG,1.1,2.8,39.7,0.4,0.9,47.6,0.5,0.8,63.2,0.7,2.0,36.2,1.1179999999999999,0.47,24,0.0,12.4,3.2,0.2,1.0,1.2,0.5,0.3,0.0,0.4,1.0,1.2,6.53,ORL
Hedo Turkoglu,SF,1.3,4.8,26.4,0.1,2.2,4.2,0.3,0.5,50.0,1.2,2.6,44.8,0.604,0.27,11,1.0,17.2,2.9,0.4,2.0,2.4,2.1,0.6,0.1,1.1,1.0,1.9,3.39,ORL
Ish Smith,PG,1.1,3.2,33.6,0.1,0.5,23.5,0.1,0.2,42.9,1.0,2.8,35.4,0.733,0.35,36,3.0,10.5,2.4,0.3,1.0,1.3,1.6,0.4,0.2,0.8,0.4,2.1,7.19,ORL
John Wall,PG,6.6,15.0,44.1,0.2,0.9,26.7,5.0,6.2,80.4,6.4,14.1,45.2,1.2329999999999999,0.45,49,42.0,32.7,18.5,0.7,3.3,4.0,7.6,1.3,0.8,3.2,2.4,2.4,20.91,WSH
Bradley Beal,SG,5.0,12.3,41.0,1.6,4.2,38.6,2.2,2.8,78.6,3.4,8.1,42.4,1.135,0.48,56,46.0,31.2,13.9,0.8,3.0,3.8,2.4,0.9,0.5,1.6,2.0,1.5,13.69,WSH
Jordan Crawford,G,4.9,11.8,41.5,1.4,4.0,34.5,2.0,2.5,82.1,3.5,7.8,45.1,1.1179999999999999,0.47,43,12.0,26.2,13.2,0.7,2.4,3.1,3.7,0.6,0.1,2.3,1.4,1.6,14.73,WSH
Nene,C,4.7,9.7,48.0,0.0,0.0,0.0,3.2,4.4,72.9,4.7,9.7,48.1,1.29,0.48,61,49.0,27.2,12.6,1.7,5.0,6.7,2.9,0.9,0.6,2.3,2.8,1.3,17.07,WSH
Martell Webster,SF,3.7,8.4,44.2,1.8,4.3,42.2,2.2,2.6,84.8,1.9,4.0,46.3,1.3659999999999999,0.55,76,62.0,28.9,11.4,0.7,3.2,3.9,1.9,0.6,0.2,1.2,2.2,1.6,13.89,WSH
Emeka Okafor,C,4.2,8.7,47.7,0.0,0.0,0.0,1.4,2.4,57.1,4.2,8.7,47.7,1.114,0.48,79,77.0,26.0,9.7,2.5,6.2,8.8,1.2,0.6,1.0,1.4,1.8,0.9,15.88,WSH
Trevor Ariza,SF,3.4,8.1,41.7,1.4,3.7,36.4,1.4,1.7,82.1,2.0,4.3,46.3,1.175,0.5,56,15.0,26.3,9.5,0.8,4.0,4.8,2.0,1.3,0.4,1.5,1.3,1.3,14.04,WSH
Kevin Seraphin,C,4.2,9.1,46.1,0.0,0.0,0.0,0.8,1.1,69.3,4.2,9.1,46.1,1.0070000000000001,0.46,79,8.0,21.8,9.1,1.4,3.0,4.4,0.7,0.3,0.7,1.6,2.7,0.4,10.37,WSH
A.J. Price,PG,2.8,7.2,39.0,1.2,3.5,35.0,0.9,1.1,79.0,1.6,3.7,42.7,1.068,0.47,57,22.0,22.4,7.7,0.4,1.6,2.0,3.6,0.6,0.1,1.1,1.3,3.2,12.45,WSH
Cartier Martin,PF,2.3,6.1,38.1,1.4,3.6,39.7,0.5,0.7,71.4,0.9,2.6,35.8,1.071,0.5,41,3.0,16.9,6.6,0.3,2.2,2.4,0.5,0.5,0.1,0.8,1.4,0.6,9.75,WSH
Trevor Booker,F,2.3,4.6,49.1,0.0,0.1,0.0,0.8,1.5,55.6,2.3,4.5,50.2,1.1640000000000001,0.49,48,14.0,18.5,5.3,2.0,2.9,5.0,0.8,0.7,0.3,0.6,2.0,1.3,13.9,WSH
Shelvin Mack,G,2.3,5.7,40.0,0.6,1.9,30.8,0.1,0.3,50.0,1.7,3.9,44.4,0.925,0.45,7,2.0,20.1,5.3,0.4,1.9,2.3,3.3,0.9,0.0,1.1,1.4,2.9,10.46,WSH
Garrett Temple,SF,2.1,5.1,40.7,0.5,1.6,32.5,0.5,0.7,70.3,1.5,3.5,44.4,1.016,0.46,51,36.0,22.7,5.1,0.6,1.8,2.4,2.3,1.0,0.3,1.2,1.8,1.9,8.82,WSH
Chris Singleton,SF,1.6,4.2,38.2,0.1,0.6,19.4,0.7,1.2,57.1,1.5,3.6,41.5,0.9590000000000001,0.4,57,11.0,16.2,4.1,0.9,2.3,3.2,0.6,0.7,0.4,0.8,2.2,0.8,7.81,WSH
Shaun Livingston,G,1.4,3.9,36.4,0.0,0.2,0.0,0.9,0.9,100.0,1.4,3.7,38.1,0.955,0.36,17,4.0,18.8,3.7,0.1,2.1,2.2,2.2,0.6,0.1,1.0,1.3,2.2,7.39,WSH
Jannero Pargo,PG,1.1,4.6,25.0,0.4,2.9,15.0,0.3,0.3,100.0,0.7,1.7,41.7,0.6559999999999999,0.3,7,0.0,14.6,3.0,0.0,0.9,0.9,2.0,0.0,0.1,1.1,1.1,1.8,0.28,WSH
Earl Barron,C,1.2,3.4,35.1,0.0,0.0,0.0,0.2,0.5,40.0,1.2,3.4,35.1,0.757,0.35,11,1.0,11.1,2.5,1.5,2.5,3.9,0.3,0.5,0.5,0.9,2.1,0.3,6.93,WSH
Jan Vesely,PF,1.1,2.2,50.0,0.0,0.0,0.0,0.2,0.8,30.8,1.1,2.2,50.4,1.105,0.5,51,4.0,11.8,2.5,0.8,1.5,2.4,0.5,0.3,0.3,0.5,2.1,1.0,7.65,WSH
Jason Collins,C,0.2,1.0,16.7,0.0,0.0,0.0,0.3,0.3,100.0,0.2,1.0,16.7,0.667,0.17,6,2.0,9.0,0.7,0.2,1.2,1.3,0.3,0.3,0.7,0.3,1.8,1.0,2.9,WSH
Ty Lawson,G,6.1,13.3,46.1,1.2,3.2,36.6,3.2,4.3,75.6,5.0,10.1,49.1,1.252,0.51,73,71.0,34.4,16.7,0.5,2.2,2.7,6.9,1.5,0.1,2.5,1.8,2.8,17.96,DEN
Danilo Gallinari,PF,5.1,12.3,41.8,1.9,5.1,37.3,4.0,4.9,82.2,3.2,7.2,45.0,1.319,0.5,71,71.0,32.5,16.2,0.9,4.3,5.2,2.5,0.9,0.5,1.6,1.8,1.6,16.73,DEN
Wilson Chandler,F,4.9,10.6,46.2,1.2,2.9,41.3,2.0,2.6,79.3,3.7,7.7,48.0,1.2309999999999999,0.52,43,8.0,25.1,13.0,1.0,4.0,5.1,1.3,1.0,0.3,1.4,2.8,1.0,16.61,DEN
Andre Iguodala,F,5.0,11.0,45.1,1.1,3.6,31.7,1.9,3.4,57.4,3.8,7.4,51.5,1.181,0.5,80,80.0,34.7,13.0,1.0,4.3,5.3,5.4,1.7,0.7,2.6,1.6,2.1,15.27,DEN
Corey Brewer,F,4.6,10.8,42.5,1.1,3.7,29.6,1.8,2.6,69.0,3.5,7.0,49.3,1.121,0.48,82,2.0,24.4,12.1,0.7,2.2,2.9,1.5,1.4,0.3,1.2,1.9,1.2,14.76,DEN
Kenneth Faried,F,4.8,8.6,55.2,0.0,0.0,0.0,2.0,3.3,61.3,4.8,8.6,55.2,1.34,0.55,80,80.0,28.1,11.5,3.3,5.9,9.2,1.0,1.0,1.0,1.4,2.9,0.7,18.52,DEN
Andre Miller,PG,3.7,7.7,47.9,0.2,0.8,26.6,2.0,2.4,84.0,3.5,6.9,50.4,1.244,0.49,82,11.0,26.2,9.6,0.7,2.2,2.9,5.9,0.9,0.1,2.1,1.9,2.8,15.69,DEN
JaVale McGee,C,3.8,6.7,57.5,0.0,0.0,100.0,1.4,2.4,59.1,3.8,6.7,57.4,1.361,0.58,79,0.0,18.1,9.1,2.0,2.8,4.8,0.3,0.4,2.0,1.1,2.3,0.3,20.78,DEN
Kosta Koufos,C,3.6,6.3,58.1,0.0,0.0,0.0,0.7,1.3,55.8,3.6,6.3,58.2,1.276,0.58,81,81.0,22.4,8.0,2.6,4.3,6.9,0.4,0.5,1.3,0.7,3.0,0.6,17.22,DEN
Evan Fournier,SG,2.0,4.0,49.3,0.6,1.4,40.7,0.8,1.0,76.9,1.4,2.6,54.1,1.329,0.57,38,4.0,11.3,5.3,0.2,0.8,0.9,1.2,0.5,0.0,0.8,1.7,1.4,13.88,DEN
Jordan Hamilton,SG,2.1,5.0,41.8,0.7,1.8,37.0,0.3,0.7,50.0,1.4,3.2,44.5,1.035,0.49,40,1.0,9.9,5.2,0.8,1.6,2.4,0.6,0.4,0.2,0.5,0.6,1.2,16.98,DEN
Anthony Randolph,SF,1.4,2.9,49.1,0.0,0.2,0.0,0.8,1.2,68.9,1.4,2.7,52.8,1.254,0.49,39,0.0,8.4,3.7,0.7,1.7,2.4,0.3,0.5,0.5,0.9,1.1,0.3,15.65,DEN
Timofey Mozgov,C,1.1,2.1,50.6,0.0,0.0,0.0,0.5,0.6,76.9,1.1,2.1,51.8,1.2409999999999999,0.51,41,1.0,8.9,2.6,1.2,1.4,2.6,0.2,0.1,0.4,0.6,1.4,0.4,12.37,DEN
Julyan Stone,G,0.5,0.5,100.0,0.0,0.0,0.0,0.8,1.0,75.0,0.5,0.5,100.0,3.5,1.0,4,0.0,7.0,1.8,0.5,0.3,0.8,0.5,0.3,0.0,0.5,1.0,1.0,11.42,DEN
Quincy Miller,F,0.6,1.7,33.3,0.0,0.1,0.0,0.1,0.3,50.0,0.6,1.6,36.4,0.75,0.33,7,0.0,3.7,1.3,0.1,0.1,0.3,0.4,0.1,0.0,0.1,0.4,3.0,5.94,DEN
Kevin Love,PF,5.8,16.6,35.2,1.1,5.1,21.7,5.6,7.9,70.4,4.7,11.4,41.3,1.107,0.39,18,18.0,34.3,18.3,3.6,10.4,14.0,2.3,0.7,0.5,2.2,1.9,1.1,17.97,MIN
Nikola Pekovic,C,6.2,12.0,52.0,0.0,0.0,0.0,3.9,5.2,74.4,6.2,12.0,52.0,1.364,0.52,62,62.0,31.6,16.3,3.7,5.1,8.8,0.9,0.7,0.8,1.6,2.3,0.5,20.26,MIN
Andrei Kirilenko,SF,4.4,8.8,50.7,0.5,1.9,29.2,2.9,3.9,75.2,3.9,6.9,56.6,1.413,0.54,64,64.0,31.8,12.4,1.6,4.1,5.7,2.8,1.5,1.0,1.9,1.3,1.5,17.67,MIN
Derrick Williams,PF,4.3,10.1,43.0,0.8,2.5,33.2,2.5,3.5,70.6,3.5,7.6,46.3,1.187,0.47,78,56.0,24.6,12.0,1.2,4.3,5.5,0.6,0.6,0.5,1.3,1.6,0.5,14.55,MIN
Luke Ridnour,PG,4.5,9.9,45.3,0.8,2.6,31.1,1.7,2.0,84.8,3.7,7.3,50.3,1.158,0.49,82,82.0,30.2,11.5,0.5,2.0,2.5,3.8,1.0,0.2,1.6,2.3,2.4,13.07,MIN
J.J. Barea,G,4.3,10.2,41.7,1.3,3.8,34.6,1.4,1.8,78.4,3.0,6.5,45.8,1.1,0.48,74,2.0,23.1,11.3,0.5,2.3,2.8,4.0,0.4,0.0,2.0,1.8,2.0,14.16,MIN
Ricky Rubio,PG,3.2,9.0,36.0,0.5,1.6,29.3,3.7,4.6,79.9,2.8,7.4,37.4,1.183,0.39,57,47.0,29.7,10.7,0.8,3.2,4.0,7.3,2.4,0.1,3.0,2.5,2.4,16.2,MIN
Chase Budinger,SF,3.4,8.3,41.4,1.1,3.5,32.1,1.4,1.8,76.2,2.3,4.8,48.2,1.131,0.48,23,1.0,22.1,9.4,0.7,2.4,3.1,1.1,0.6,0.3,1.0,1.3,1.1,12.66,MIN
Dante Cunningham,F,3.9,8.4,46.8,0.0,0.1,0.0,0.8,1.3,65.0,3.9,8.3,47.2,1.036,0.47,80,9.0,25.1,8.7,1.8,3.3,5.1,0.8,1.1,0.5,0.7,1.9,1.2,13.35,MIN
Alexey Shved,PG,3.1,8.2,37.2,1.1,3.7,29.5,1.4,1.9,72.0,2.0,4.5,43.5,1.047,0.44,77,16.0,23.9,8.6,0.5,1.7,2.3,3.7,0.7,0.4,1.9,1.5,1.9,11.01,MIN
Josh Howard,SF,2.8,7.0,40.3,0.5,1.5,31.3,0.6,1.1,58.3,2.4,5.5,42.6,0.961,0.44,11,4.0,18.8,6.7,0.8,2.5,3.3,0.4,0.9,0.3,0.9,1.6,0.4,9.54,MIN
Brandon Roy,SG,2.2,7.0,31.4,0.0,1.8,0.0,1.4,2.0,70.0,2.2,5.2,42.3,0.8290000000000001,0.31,5,5.0,24.4,5.8,0.6,2.2,2.8,4.6,0.6,0.0,1.4,1.0,3.3,8.34,MIN
Mickael Gelabale,SF,2.0,3.9,51.8,0.4,1.4,30.8,0.6,0.7,87.5,1.6,2.4,64.4,1.3019999999999998,0.58,36,13.0,17.9,5.0,0.9,1.9,2.8,0.7,0.4,0.1,0.4,1.3,1.6,11.84,MIN
Malcolm Lee,SG,1.8,4.8,38.2,0.5,1.5,33.3,0.8,1.3,60.0,1.3,3.3,40.4,1.026,0.43,16,12.0,18.1,4.9,0.9,1.5,2.4,1.3,0.8,0.4,0.6,1.9,2.0,9.87,MIN
Greg Stiemsma,C,1.7,3.7,45.7,0.0,0.0,0.0,0.7,0.9,76.8,1.7,3.7,45.7,1.104,0.46,76,19.0,15.9,4.0,0.8,2.6,3.4,0.4,0.6,1.2,0.8,2.4,0.5,10.52,MIN
Chris Johnson,C,1.6,2.5,64.0,0.0,0.0,0.0,0.7,1.1,61.8,1.6,2.5,64.0,1.56,0.64,30,0.0,9.5,3.9,0.7,1.3,2.0,0.3,0.2,0.9,0.4,1.6,0.6,18.5,MIN
Lazar Hayward,SF,0.5,2.5,20.0,0.0,1.0,0.0,1.5,1.5,100.0,0.5,1.5,33.3,1.0,0.2,4,0.0,7.8,2.5,0.0,1.0,1.0,0.8,0.5,0.0,0.0,0.8,inf,11.21,MIN
Lou Amundson,PF,0.7,1.9,36.8,0.0,0.0,0.0,0.2,1.0,20.0,0.7,1.9,36.8,0.8420000000000001,0.37,20,0.0,8.1,1.6,1.2,1.2,2.4,0.2,0.4,0.3,0.6,1.3,0.3,6.35,MIN
Will Conroy,PG,0.0,2.3,0.0,0.0,0.8,0.0,0.3,0.5,50.0,0.0,1.5,0.0,0.111,0.0,4,0.0,5.0,0.3,0.3,0.0,0.3,0.0,0.0,0.0,0.0,0.3,0.0,-15.18,MIN
Kevin Durant,PF,9.0,17.7,51.0,1.7,4.1,41.6,8.4,9.3,90.5,7.3,13.6,53.9,1.591,0.56,81,81.0,38.5,28.1,0.6,7.3,7.9,4.6,1.4,1.3,3.5,1.8,1.3,28.35,OKC
Russell Westbrook,PG,8.2,18.7,43.8,1.2,3.7,32.3,5.6,7.0,80.0,7.0,15.1,46.6,1.24,0.47,82,82.0,34.9,23.2,1.4,3.9,5.2,7.4,1.8,0.3,3.3,2.3,2.2,23.98,OKC
Kevin Martin,SG,4.5,10.1,45.0,2.1,4.8,42.6,2.8,3.2,89.0,2.5,5.3,47.2,1.3840000000000001,0.55,77,0.0,27.7,14.0,0.4,1.9,2.3,1.4,0.9,0.1,1.3,1.8,1.0,16.09,OKC
Serge Ibaka,C,5.6,9.7,57.3,0.3,0.7,35.1,1.8,2.4,74.9,5.3,9.0,59.1,1.3559999999999999,0.59,80,80.0,31.1,13.2,2.8,4.9,7.7,0.5,0.4,3.0,1.6,2.7,0.3,19.41,OKC
Thabo Sefolosha,F,2.8,5.8,48.1,1.3,3.2,41.9,0.7,0.9,82.6,1.4,2.6,55.8,1.315,0.6,81,81.0,27.5,7.6,0.7,3.2,3.9,1.5,1.3,0.5,0.8,2.2,2.0,12.83,OKC
Reggie Jackson,PG,2.1,4.6,45.8,0.3,1.5,23.1,0.7,0.9,83.9,1.8,3.2,56.6,1.151,0.5,70,0.0,14.2,5.3,0.3,2.1,2.4,1.7,0.4,0.2,0.8,1.2,2.3,14.28,OKC
Nick Collison,F,2.2,3.7,59.5,0.0,0.0,0.0,0.7,1.0,76.9,2.2,3.6,60.3,1.392,0.59,81,2.0,19.5,5.1,1.5,2.6,4.1,1.5,0.6,0.4,0.9,2.4,1.8,13.6,OKC
Kendrick Perkins,C,1.8,4.0,45.7,0.0,0.0,0.0,0.6,0.9,61.1,1.8,4.0,45.8,1.054,0.46,78,78.0,25.1,4.2,1.4,4.6,6.0,1.4,0.6,1.1,1.4,2.9,1.0,8.2,OKC
Derek Fisher,PG,1.3,4.0,33.3,0.8,2.4,35.1,0.6,0.6,93.3,0.5,1.6,30.8,1.021,0.44,24,0.0,14.4,4.1,0.1,0.8,0.9,0.7,0.6,0.0,0.5,1.3,1.3,7.02,OKC
Jeremy Lamb,SG,1.0,3.0,35.3,0.4,1.3,30.0,0.6,0.6,100.0,0.7,1.7,39.5,1.044,0.42,23,0.0,6.4,3.1,0.2,0.6,0.8,0.2,0.1,0.1,0.3,0.6,0.8,11.21,OKC
Eric Maynor,PG,1.0,3.1,31.3,0.4,1.2,32.6,0.5,0.6,81.0,0.6,1.9,30.4,0.904,0.38,37,0.0,10.6,2.8,0.1,0.4,0.5,2.0,0.3,0.0,0.8,0.5,2.4,7.49,OKC
Daniel Orton,C,0.9,2.0,46.2,0.0,0.0,0.0,0.7,1.3,52.9,0.9,2.0,46.2,1.2690000000000001,0.46,13,0.0,8.0,2.5,1.0,1.0,2.0,0.3,0.3,0.2,0.3,1.0,1.0,14.04,OKC
Hasheem Thabeet,C,1.0,1.6,60.4,0.0,0.0,0.0,0.5,0.8,60.4,1.0,1.6,60.4,1.5090000000000001,0.6,66,4.0,11.7,2.4,1.0,1.9,3.0,0.2,0.5,0.9,0.6,2.2,0.3,11.62,OKC
Perry Jones,SF,1.0,2.6,39.4,0.0,0.1,0.0,0.3,0.4,66.7,1.0,2.6,40.2,0.889,0.39,38,1.0,7.4,2.3,0.3,1.3,1.6,0.3,0.1,0.2,0.4,0.6,0.7,7.83,OKC
DeAndre Liggins,G,0.5,1.2,44.7,0.2,0.5,36.8,0.2,0.5,50.0,0.4,0.7,50.0,1.234,0.52,39,1.0,7.4,1.5,0.3,1.0,1.4,0.4,0.5,0.1,0.4,0.8,1.1,9.4,OKC
Ronnie Brewer,SF,0.4,1.6,26.1,0.1,0.4,20.0,0.0,0.0,0.0,0.4,1.3,27.8,0.565,0.28,14,0.0,10.1,0.9,0.9,1.9,2.9,0.7,0.6,0.0,0.3,0.4,2.5,9.09,OKC
LaMarcus Aldridge,C,8.6,17.8,48.4,0.0,0.2,14.3,3.8,4.7,81.0,8.6,17.6,48.8,1.1840000000000002,0.48,74,74.0,37.7,21.1,2.4,6.7,9.1,2.6,0.8,1.2,1.9,2.5,1.3,20.45,POR
Damian Lillard,PG,6.7,15.7,42.9,2.3,6.1,36.8,3.3,3.9,84.4,4.5,9.6,46.9,1.213,0.5,82,82.0,38.6,19.0,0.5,2.6,3.1,6.5,0.9,0.2,3.0,2.1,2.2,16.45,POR
Wesley Matthews,SG,5.1,11.7,43.6,2.4,6.2,39.8,2.2,2.7,79.7,2.7,5.6,47.8,1.265,0.54,69,69.0,34.8,14.8,0.5,2.3,2.8,2.5,1.3,0.3,1.6,2.5,1.6,14.1,POR
Nicolas Batum,PF,4.8,11.4,42.3,2.3,6.1,37.2,2.4,2.9,84.8,2.6,5.3,48.1,1.2570000000000001,0.52,73,73.0,38.5,14.3,1.3,4.3,5.6,4.9,1.2,1.1,2.6,1.9,1.9,15.76,POR
JJ Hickson,C,5.2,9.3,56.2,0.0,0.0,0.0,2.3,3.4,67.9,5.2,9.3,56.3,1.368,0.56,80,80.0,29.0,12.7,3.3,7.0,10.4,1.1,0.6,0.6,1.8,2.0,0.6,19.71,POR
Eric Maynor,PG,2.6,6.1,42.2,0.7,1.9,38.0,1.0,1.5,68.3,1.9,4.3,44.0,1.127,0.48,27,0.0,21.2,6.9,0.1,0.9,1.0,4.0,0.4,0.0,1.8,1.3,2.3,10.63,POR
Meyers Leonard,C,2.2,4.0,54.5,0.0,0.1,42.9,1.0,1.3,80.9,2.1,3.9,54.8,1.361,0.55,69,9.0,17.5,5.5,1.2,2.5,3.7,0.5,0.2,0.6,0.7,2.4,0.7,12.14,POR
Will Barton,SF,1.6,4.2,38.2,0.1,0.9,13.8,0.7,0.9,76.9,1.5,3.3,44.7,0.955,0.4,73,5.0,12.2,4.0,0.5,1.5,2.0,0.8,0.5,0.1,0.8,0.8,1.0,9.12,POR
Luke Babbitt,F,1.4,3.8,36.8,1.0,2.9,34.8,0.2,0.2,76.9,0.4,0.9,42.9,1.043,0.5,62,0.0,11.8,3.9,0.2,2.0,2.2,0.5,0.2,0.1,0.4,1.3,1.3,9.47,POR
Victor Claver,PF,1.5,3.9,39.2,0.5,1.8,28.7,0.3,0.6,46.7,1.0,2.1,48.0,0.9890000000000001,0.46,49,16.0,16.6,3.8,0.6,1.8,2.4,0.9,0.5,0.2,0.9,1.5,1.0,7.05,POR
Nolan Smith,PG,1.1,2.9,36.8,0.2,0.7,21.4,0.5,0.7,71.4,0.9,2.2,41.9,0.965,0.39,40,0.0,7.2,2.8,0.2,0.5,0.7,0.9,0.2,0.0,0.7,0.7,1.2,7.15,POR
Ronnie Price,PG,1.0,3.1,32.5,0.3,1.0,25.6,0.4,0.6,70.8,0.7,2.1,35.8,0.875,0.37,39,0.0,13.1,2.7,0.3,0.8,1.1,1.9,0.7,0.1,0.9,1.6,2.1,6.81,POR
Sasha Pavlovic,SG,1.1,3.1,35.3,0.5,1.5,30.0,0.0,0.2,16.7,0.6,1.5,40.7,0.866,0.43,39,1.0,13.5,2.6,0.2,1.3,1.4,0.8,0.6,0.1,0.4,1.5,2.3,6.2,POR
Joel Freeland,C,1.1,2.8,40.8,0.0,0.0,0.0,0.4,0.5,66.7,1.1,2.8,40.8,0.9440000000000001,0.41,51,1.0,9.4,2.6,0.8,1.5,2.3,0.3,0.3,0.2,0.4,1.3,0.7,9.37,POR
Jared Jeffries,PF,0.4,1.4,29.6,0.0,0.1,0.0,0.3,0.6,52.2,0.4,1.4,30.8,0.815,0.3,38,0.0,9.2,1.2,0.7,0.9,1.6,0.4,0.2,0.2,0.4,1.5,0.8,2.45,POR
Al Jefferson,C,7.8,15.8,49.4,0.0,0.2,11.8,2.1,2.8,77.0,7.8,15.6,50.0,1.125,0.5,78,78.0,33.1,17.8,2.0,7.2,9.2,2.1,1.0,1.1,1.3,2.2,1.6,20.99,UTAH
Paul Millsap,PF,5.5,11.2,49.0,0.2,0.5,33.3,3.4,4.6,74.2,5.3,10.7,49.8,1.297,0.5,78,78.0,30.4,14.6,2.3,4.8,7.1,2.6,1.3,1.0,1.8,3.0,1.5,19.89,UTAH
Gordon Hayward,SF,4.7,10.7,43.5,1.4,3.4,41.5,3.4,4.1,82.7,3.3,7.3,44.4,1.3159999999999998,0.5,72,27.0,29.2,14.1,0.7,2.4,3.1,3.0,0.8,0.5,1.7,1.7,1.8,16.81,UTAH
Mo Williams,PG,5.0,11.6,43.0,1.3,3.3,38.3,1.6,1.8,88.2,3.7,8.2,44.9,1.111,0.48,46,46.0,30.8,12.9,0.5,1.9,2.4,6.2,1.0,0.2,2.7,2.3,2.3,14.47,UTAH
Randy Foye,SG,3.6,9.0,39.7,2.2,5.3,41.0,1.4,1.8,81.9,1.4,3.7,37.8,1.195,0.52,82,72.0,27.4,10.8,0.2,1.3,1.5,2.0,0.8,0.3,1.1,2.3,1.8,11.75,UTAH
Derrick Favors,C,3.6,7.4,48.2,0.0,0.1,0.0,2.3,3.4,68.8,3.6,7.3,48.7,1.28,0.48,77,8.0,23.2,9.4,2.4,4.7,7.1,1.0,0.9,1.7,1.7,3.2,0.6,17.57,UTAH
Marvin Williams,F,2.7,6.4,42.3,0.7,2.3,32.5,1.1,1.4,77.8,2.0,4.2,47.7,1.126,0.48,73,51.0,23.7,7.2,0.8,2.8,3.6,1.1,0.5,0.5,0.8,1.3,1.3,10.91,UTAH
Enes Freedom,C,2.9,5.4,54.4,0.0,0.0,100.0,1.3,1.7,79.5,2.9,5.4,54.2,1.335,0.54,70,2.0,15.4,7.2,1.9,2.4,4.3,0.4,0.4,0.5,1.4,1.7,0.3,17.65,UTAH
Alec Burks,SG,2.5,6.1,42.0,0.5,1.4,35.9,1.4,2.0,71.3,2.0,4.6,43.9,1.162,0.46,64,0.0,17.8,7.0,0.6,1.7,2.3,1.4,0.5,0.2,1.2,1.8,1.2,11.51,UTAH
DeMarre Carroll,F,2.3,4.9,46.0,0.3,1.1,28.6,1.1,1.5,76.5,2.0,3.8,50.8,1.213,0.49,66,12.0,16.8,6.0,1.3,1.5,2.8,0.9,0.9,0.4,0.5,1.8,1.8,15.52,UTAH
Jamaal Tinsley,PG,1.3,3.5,36.8,0.6,1.9,30.7,0.3,0.4,69.2,0.7,1.6,43.9,0.9790000000000001,0.45,66,32.0,18.5,3.5,0.3,1.5,1.7,4.4,1.0,0.2,1.6,1.6,2.7,10.6,UTAH
Jeremy Evans,F,0.7,1.2,61.4,0.0,0.0,0.0,0.6,0.9,63.6,0.7,1.2,62.8,1.705,0.61,37,0.0,5.8,2.0,0.7,0.9,1.6,0.3,0.2,0.4,0.2,0.8,1.4,19.88,UTAH
Earl Watson,PG,0.8,2.5,30.8,0.1,0.6,17.9,0.4,0.5,68.0,0.7,1.9,34.8,0.8,0.33,48,4.0,17.3,2.0,0.5,1.3,1.8,4.0,0.8,0.2,1.4,2.0,2.8,7.7,UTAH
Kevin Murphy,SG,0.4,1.6,25.0,0.1,0.3,20.0,0.0,0.0,0.0,0.4,1.4,26.1,0.536,0.27,17,0.0,3.1,0.9,0.0,0.2,0.2,0.1,0.1,0.0,0.2,0.2,0.7,-4.44,UTAH
