,Unnamed: 0,PLAYER,TEAM,AGE,GP,W,L,MIN,PTS,FGM,FGA,FG%,3PM,3PA,3P%,FTM,FTA,FT%,OREB,DREB,REB,AST,TOV,STL,BLK,PF,FP,DD2,TD3,+/-,PLAYER_ID,TEAM_ID
0,1,Kobe Bryant,LAL,27,80,45,35,41.0,35.4,12.2,27.2,45.0,2.3,6.5,34.7,8.7,10.2,85.0,0.9,4.4,5.3,4.5,3.1,1.8,0.4,2.9,52.0,4,0,4.0,977,1610612747
1,2,Allen Iverson,PHI,31,72,35,37,43.1,33.0,11.3,25.3,44.7,1.0,3.1,32.3,9.4,11.5,81.4,0.6,2.6,3.2,7.4,3.4,1.9,0.1,1.7,50.8,18,0,-0.1,947,1610612755
2,3,LeBron James,CLE,21,79,47,32,42.5,31.4,11.1,23.1,48.0,1.6,4.8,33.5,7.6,10.3,73.8,0.9,6.1,7.0,6.6,3.3,1.6,0.8,2.3,53.6,21,5,3.5,2544,1610612739
3,4,Gilbert Arenas,WAS,24,80,40,40,42.3,29.3,9.3,20.9,44.7,2.5,6.8,36.9,8.2,10.0,82.0,0.7,2.8,3.5,6.1,3.7,2.0,0.3,3.6,45.9,9,0,2.6,2240,1610612764
4,5,Dwyane Wade,MIA,24,75,48,27,38.6,27.2,9.3,18.8,49.5,0.2,1.0,17.1,8.4,10.7,78.3,1.4,4.3,5.7,6.7,3.6,1.9,0.8,2.9,48.7,16,2,6.5,2548,1610612748
5,6,Paul Pierce,BOS,28,79,32,47,39.0,26.8,8.7,18.5,47.1,1.4,4.0,35.4,7.9,10.3,77.2,1.0,5.7,6.7,4.7,3.5,1.4,0.4,2.8,43.9,17,1,-0.7,1718,1610612738
6,7,Dirk Nowitzki,DAL,28,81,60,21,38.1,26.6,9.3,19.3,48.0,1.4,3.3,40.6,6.7,7.4,90.1,1.4,7.6,9.0,2.8,1.9,0.7,1.0,2.0,44.8,35,0,6.3,1717,1610612742
7,8,Carmelo Anthony,DEN,22,80,44,36,36.8,26.5,9.5,19.7,48.1,0.5,1.9,24.3,7.2,8.9,80.8,1.5,3.4,4.9,2.7,2.7,1.1,0.5,2.9,38.6,6,0,0.1,2546,1610612743
8,9,Michael Redd,MIL,26,80,39,41,39.1,25.4,8.5,19.0,45.0,2.0,5.2,39.5,6.3,7.1,87.7,1.0,3.3,4.3,2.9,2.1,1.2,0.1,2.0,36.4,0,0,1.0,2072,1610612749
9,10,Ray Allen,SEA,30,78,35,43,38.7,25.1,8.7,19.2,45.4,3.4,8.4,41.2,4.2,4.6,90.3,0.9,3.3,4.3,3.7,2.4,1.3,0.2,1.9,37.9,1,0,-0.7,951,1610612760
10,11,Elton Brand,LAC,27,79,44,35,39.2,24.7,9.6,18.2,52.7,0.0,0.0,33.3,5.6,7.2,77.5,3.0,7.0,10.0,2.6,2.2,1.0,2.5,2.9,49.2,45,0,2.3,1882,1610612746
11,12,Tracy McGrady,HOU,27,47,27,20,37.1,24.4,8.7,21.5,40.6,1.6,5.0,31.2,5.4,7.2,74.7,1.0,5.6,6.5,4.8,2.6,1.3,0.9,1.9,43.3,6,0,1.3,1503,1610612745
12,13,Vince Carter,NJN,29,79,49,30,36.8,24.2,8.3,19.2,43.0,1.6,4.6,34.1,6.1,7.6,79.9,1.7,4.1,5.8,4.3,2.7,1.2,0.7,3.0,40.5,8,1,4.2,1713,1610612751
13,14,Jason Richardson,GSW,25,75,32,43,38.4,23.2,8.5,19.2,44.6,2.4,6.4,38.4,3.7,5.5,67.3,1.4,4.4,5.8,3.1,2.2,1.3,0.5,2.7,38.0,5,0,0.5,2202,1610612744
14,15,Chris Bosh,TOR,22,70,26,44,39.3,22.5,7.8,15.5,50.5,0.0,0.2,0.0,6.8,8.3,81.6,2.9,6.3,9.2,2.6,2.2,0.7,1.1,3.0,40.7,32,0,-0.8,2547,1610612761
15,16,Yao Ming,HOU,25,57,27,30,34.2,22.3,8.2,15.8,51.9,0.0,0.0,0.0,5.9,6.9,85.3,2.6,7.6,10.2,1.5,2.6,0.5,1.6,3.4,40.7,34,0,1.6,2397,1610612745
16,17,Shawn Marion,PHX,28,81,53,28,40.3,21.8,8.8,16.9,52.5,1.2,3.6,33.1,3.0,3.7,80.9,3.1,8.8,11.8,1.8,1.5,2.0,1.7,2.8,48.2,60,0,5.1,1890,1610612756
17,18,Kevin Garnett,MIN,30,76,31,45,38.9,21.8,8.2,15.7,52.6,0.1,0.4,26.7,5.2,6.4,81.0,2.8,9.9,12.7,4.1,2.4,1.4,1.4,2.7,49.1,62,0,0.5,708,1610612750
18,19,Mike Bibby,SAC,28,82,44,38,38.6,21.1,7.3,16.9,43.2,2.3,6.1,38.6,4.2,4.9,84.9,0.4,2.6,2.9,5.4,2.4,1.0,0.1,2.1,33.6,8,0,1.7,1710,1610612758
19,20,Antawn Jamison,WAS,30,82,42,40,40.1,20.5,8.0,18.2,44.2,1.8,4.5,39.4,2.6,3.6,73.1,2.0,7.3,9.3,1.9,1.7,1.1,0.1,2.3,36.7,35,0,3.0,1712,1610612764
20,21,Pau Gasol,MEM,25,80,47,33,39.2,20.4,7.5,14.9,50.3,0.0,0.2,25.0,5.3,7.7,68.9,2.4,6.5,8.9,4.6,2.9,0.6,1.9,2.3,42.5,33,1,3.8,2200,1610612763
21,22,Mike James,TOR,31,79,25,54,37.0,20.3,7.3,15.5,46.9,2.1,4.8,44.2,3.6,4.3,83.7,0.6,2.7,3.3,5.8,2.6,0.9,0.0,2.7,33.3,11,0,-1.7,2229,1610612761
22,23,Chris Webber,PHI,33,75,33,42,38.6,20.2,8.2,19.0,43.4,0.3,1.0,27.3,3.5,4.6,75.6,2.5,7.4,9.9,3.4,2.4,1.4,0.8,2.9,41.4,38,0,-1.7,185,1610612755
23,24,Joe Johnson,ATL,25,82,26,56,40.7,20.2,7.7,17.0,45.3,1.6,4.4,35.6,3.2,4.0,79.1,1.2,2.9,4.1,6.5,3.3,1.3,0.4,2.3,36.5,13,1,-4.6,2207,1610612737
24,25,Richard Hamilton,DET,28,80,64,16,35.3,20.1,8.1,16.5,49.1,0.7,1.5,45.8,3.2,3.8,84.5,1.1,2.2,3.2,3.4,2.2,0.7,0.2,2.6,29.5,0,0,6.5,1888,1610612765
25,26,Rashard Lewis,SEA,26,78,33,45,36.9,20.1,6.9,14.8,46.7,1.8,4.7,38.4,4.5,5.5,81.8,1.4,3.6,5.0,2.3,1.8,1.3,0.6,2.4,33.6,5,0,-2.6,1740,1610612760
26,27,Jermaine O'Neal,IND,27,51,26,25,35.3,20.1,7.5,15.8,47.2,0.1,0.2,30.0,5.1,7.2,70.9,2.0,7.3,9.3,2.6,3.0,0.5,2.3,3.5,40.7,19,0,2.0,979,1610612754
27,28,Shaquille O'Neal,MIA,34,59,42,17,30.6,20.0,8.1,13.6,60.0,0.0,0.0,0.0,3.7,8.0,46.9,2.9,6.3,9.2,1.9,2.8,0.4,1.8,3.9,37.5,24,1,4.6,406,1610612748
28,29,Richard Jefferson,NJN,26,78,49,29,39.2,19.5,6.3,12.9,49.3,0.8,2.4,31.9,6.0,7.4,81.2,1.2,5.6,6.8,3.8,2.2,0.8,0.2,2.5,34.1,20,0,3.1,2210,1610612751
29,30,Ricky Davis,MIN,26,78,29,49,41.1,19.4,7.5,16.7,44.8,0.9,3.1,30.2,3.5,4.4,79.7,0.8,3.7,4.5,5.1,2.7,1.2,0.2,2.4,33.8,3,0,-0.9,1729,1610612750
30,31,Wally Szczerbiak,BOS,29,72,33,39,37.9,19.0,6.8,14.1,48.7,1.4,3.5,40.0,3.9,4.3,89.7,1.1,3.3,4.3,3.0,1.9,0.6,0.3,2.1,29.2,2,0,0.4,1887,1610612738
31,32,Tony Parker,SAS,24,80,61,19,33.9,18.9,7.8,14.2,54.8,0.1,0.5,30.6,3.2,4.5,70.7,0.5,2.8,3.3,5.8,3.1,1.0,0.1,2.0,31.6,8,0,6.4,2225,1610612759
32,33,Steve Nash,PHX,32,79,54,25,35.4,18.8,6.8,13.4,51.2,1.9,4.3,43.9,3.3,3.5,92.1,0.6,3.6,4.2,10.5,3.5,0.8,0.2,1.5,38.9,43,1,6.0,959,1610612756
33,34,Al Harrington,ATL,26,76,24,52,36.6,18.6,7.3,16.1,45.2,0.9,2.5,34.6,3.2,4.6,69.4,1.7,5.1,6.9,3.1,2.6,1.1,0.2,4.0,32.9,15,0,-4.4,1733,1610612737
34,35,Tim Duncan,SAS,30,80,61,19,34.8,18.6,7.2,14.8,48.4,0.0,0.1,40.0,4.2,6.7,62.9,2.9,8.1,11.0,3.2,2.5,0.9,2.0,2.7,42.7,52,0,6.5,1495,1610612759
35,36,Chauncey Billups,DET,29,81,64,17,36.1,18.5,5.2,12.5,41.8,2.3,5.2,43.3,5.7,6.4,89.4,0.5,2.6,3.1,8.6,2.1,0.9,0.1,2.0,36.0,27,0,7.3,1497,1610612765
36,37,Peja Stojakovic,IND,29,71,31,40,36.6,18.2,6.3,14.3,43.7,2.3,5.7,40.1,3.4,3.7,91.5,1.1,4.7,5.8,1.9,1.5,0.6,0.1,2.4,28.9,5,0,1.1,978,1610612754
37,38,Zach Randolph,POR,24,74,21,53,34.4,18.0,7.2,16.6,43.6,0.2,0.7,29.1,3.3,4.6,71.4,2.6,5.4,8.0,1.9,2.2,0.8,0.2,2.5,31.2,21,0,-6.0,2216,1610612757
38,39,Mehmet Okur,UTA,27,82,41,41,35.9,18.0,6.3,13.8,46.0,1.0,2.9,34.2,4.3,5.5,78.0,2.6,6.5,9.1,2.4,2.0,0.5,0.9,3.5,34.6,35,0,-1.4,2246,1610612762
39,40,Baron Davis,GSW,27,54,23,31,36.5,17.9,6.2,15.9,38.9,1.9,6.0,31.5,3.6,5.4,67.5,0.8,3.5,4.4,8.9,2.9,1.6,0.3,3.1,39.3,22,1,0.6,1884,1610612744
40,41,Corey Maggette,LAC,26,32,21,11,29.5,17.8,5.2,11.7,44.5,0.8,2.2,33.8,6.6,8.0,82.8,0.9,4.4,5.3,2.1,2.4,0.6,0.1,3.0,27.0,5,0,3.9,1894,1610612746
41,42,Caron Butler,WAS,26,75,40,35,36.1,17.6,6.6,14.5,45.5,0.5,1.6,34.2,3.9,4.4,87.0,1.5,4.7,6.2,2.5,2.3,1.7,0.2,3.2,32.2,10,0,1.6,2406,1610612764
42,43,Metta World Peace,SAC,26,56,36,20,39.4,17.6,6.3,15.5,40.4,1.4,4.5,30.8,3.7,5.4,67.5,1.3,3.8,5.1,3.6,2.3,2.2,0.7,2.9,35.5,2,0,6.2,1897,1610612758
43,44,Sam Cassell,LAC,36,78,45,33,34.0,17.2,6.3,14.3,44.3,0.9,2.4,36.8,3.7,4.3,86.3,0.5,3.2,3.7,6.3,2.2,0.9,0.1,2.9,32.1,12,0,3.0,208,1610612746
44,45,Jason Terry,DAL,28,80,58,22,35.0,17.1,6.5,13.7,47.0,2.1,5.2,41.1,2.1,2.6,80.0,0.4,1.6,2.0,3.8,1.7,1.3,0.3,2.5,28.3,2,0,6.0,1891,1610612742
45,46,David West,NOK,25,74,35,39,34.1,17.1,7.2,14.0,51.2,0.0,0.1,27.3,2.7,3.2,84.3,2.3,5.1,7.4,1.2,1.4,0.8,0.9,2.9,31.5,17,0,-2.2,2561,1610612740
46,47,Ben Gordon,CHI,23,80,40,40,31.0,16.9,6.1,14.4,42.2,2.1,4.8,43.5,2.7,3.4,78.5,0.5,2.2,2.7,3.0,2.3,0.9,0.1,3.0,25.4,0,0,1.0,2732,1610612741
47,48,Morris Peterson,TOR,28,82,27,55,38.3,16.8,5.8,13.4,43.6,2.2,5.5,39.5,2.9,3.6,82.0,0.8,3.9,4.6,2.3,1.5,1.3,0.2,2.7,28.6,3,0,-2.6,2050,1610612761
48,49,Stephen Jackson,IND,28,81,41,40,35.9,16.4,5.8,14.2,41.1,1.4,4.2,34.5,3.3,4.2,78.6,0.6,3.3,3.9,2.8,2.5,1.3,0.5,2.4,28.1,0,0,0.4,1536,1610612754
49,50,Stephon Marbury,NYK,29,60,18,42,36.6,16.3,5.8,12.9,45.1,0.6,1.7,31.7,4.1,5.4,75.5,0.4,2.5,2.9,6.4,2.6,1.1,0.1,2.4,30.1,7,0,-4.4,950,1610612752
50,51,Carlos Boozer,UTA,24,33,17,16,31.1,16.3,6.6,12.1,54.9,0.0,0.0,0.0,3.0,4.2,72.3,2.2,6.4,8.6,2.7,2.1,0.9,0.2,3.2,32.0,11,0,-1.9,2430,1610612762
51,52,Chris Paul,NOK,21,78,35,43,36.0,16.1,5.2,12.1,43.0,0.6,2.3,28.2,5.1,6.0,84.7,0.8,4.3,5.1,7.8,2.3,2.2,0.1,2.8,38.6,21,2,-2.3,101108,1610612740
52,53,Kirk Hinrich,CHI,25,81,40,41,36.5,15.9,5.6,13.3,41.8,1.6,4.2,37.0,3.2,3.9,81.5,0.4,3.2,3.6,6.3,2.3,1.2,0.3,3.1,31.6,11,0,-0.3,2550,1610612741
53,54,Dwight Howard,ORL,20,82,36,46,36.8,15.8,5.7,10.7,53.1,0.0,0.0,0.0,4.3,7.3,59.5,3.5,9.0,12.5,1.5,2.6,0.8,1.4,3.4,36.9,60,0,0.3,2730,1610612753
54,55,Josh Howard,DAL,26,59,44,15,32.5,15.6,5.9,12.6,47.1,0.5,1.1,42.9,3.3,4.5,73.4,2.1,4.2,6.3,1.9,1.3,1.2,0.4,2.8,29.5,12,0,5.3,2572,1610612742
55,56,Zydrunas Ilgauskas,CLE,31,78,48,30,29.3,15.6,5.8,11.4,50.6,0.0,0.1,0.0,4.1,4.9,83.4,3.1,4.4,7.6,1.2,2.0,0.5,1.7,3.6,31.2,18,0,2.4,980,1610612739
56,57,Larry Hughes,CLE,27,36,23,13,35.6,15.5,5.3,13.0,40.9,0.8,2.1,36.8,4.1,5.4,75.6,0.7,3.8,4.5,3.6,2.8,1.5,0.6,3.3,29.7,1,0,0.7,1716,1610612739
57,58,Andrei Kirilenko,UTA,25,69,38,31,37.7,15.3,4.9,10.6,46.0,0.5,1.7,30.8,5.0,7.2,69.9,2.3,5.7,8.0,4.3,2.9,1.5,3.2,2.3,42.4,22,2,0.6,1905,1610612762
58,59,Gerald Wallace,CHA,23,55,19,36,34.5,15.2,5.8,10.7,53.8,0.3,0.9,28.0,3.4,5.6,61.4,2.2,5.3,7.5,1.7,1.8,2.5,2.1,2.7,38.8,10,0,-1.1,2222,1610612766
59,60,Grant Hill,ORL,33,21,6,15,29.2,15.1,5.7,11.6,49.0,0.1,0.4,25.0,3.7,4.9,76.5,0.7,3.1,3.8,2.3,1.7,1.1,0.3,2.4,25.8,0,0,-2.1,255,1610612753
60,61,Rasheed Wallace,DET,31,80,63,17,34.7,15.1,5.7,13.3,43.0,1.9,5.4,35.7,1.7,2.3,74.3,1.1,5.7,6.8,2.3,1.1,1.0,1.6,2.9,33.6,12,0,7.7,739,1610612765
61,62,Manu Ginobili,SAS,28,65,51,14,27.9,15.1,4.8,10.3,46.2,1.3,3.3,38.2,4.3,5.5,77.8,0.6,2.9,3.5,3.6,1.9,1.6,0.4,2.4,28.8,2,0,6.3,1938,1610612759
62,63,Brad Miller,SAC,30,79,42,37,37.0,15.0,5.5,11.1,49.5,0.4,1.1,38.6,3.5,4.3,82.8,1.5,6.2,7.8,4.7,2.3,0.8,0.8,3.0,33.8,29,0,2.9,1802,1610612758
63,64,Hedo Turkoglu,ORL,27,78,35,43,33.5,14.9,5.1,11.2,45.4,1.5,3.6,40.3,3.3,3.8,86.1,0.9,3.4,4.3,2.8,1.7,0.9,0.3,3.0,26.0,1,0,-0.7,2045,1610612753
64,65,Lamar Odom,LAL,26,80,45,35,40.3,14.8,5.6,11.6,48.1,1.0,2.7,37.2,2.7,3.9,69.0,2.3,7.0,9.2,5.5,2.7,0.9,0.8,3.2,36.8,29,2,3.0,1885,1610612747
65,66,Cuttino Mobley,LAC,30,79,45,34,37.7,14.8,5.4,12.8,42.6,1.1,3.1,33.9,2.9,3.5,83.9,0.6,3.7,4.3,3.0,1.8,1.2,0.5,2.6,27.6,3,0,1.5,1749,1610612746
66,67,Raja Bell,PHX,29,79,54,25,37.5,14.7,5.4,11.8,45.7,2.5,5.6,44.2,1.5,1.8,78.8,0.6,2.6,3.2,2.6,1.1,1.0,0.3,3.1,25.1,1,0,4.7,1952,1610612756
67,68,Jameer Nelson,ORL,24,62,31,31,28.8,14.6,5.6,11.6,48.3,1.1,2.7,42.4,2.3,2.9,77.9,0.6,2.3,2.9,4.9,2.4,1.1,0.1,2.8,26.8,2,0,1.1,2749,1610612753
68,69,Steve Francis,NYK,29,70,25,45,34.2,14.4,4.8,10.9,43.5,0.4,1.2,30.1,4.5,5.7,78.7,1.1,3.1,4.1,4.9,3.1,1.1,0.2,2.9,27.6,2,1,-3.3,1883,1610612752
69,70,Jamal Crawford,NYK,26,79,21,58,32.3,14.3,4.6,11.1,41.6,1.3,3.7,34.5,3.7,4.5,82.6,0.5,2.7,3.1,3.8,2.2,1.1,0.2,1.9,25.4,3,0,-3.9,2037,1610612752
70,71,Luol Deng,CHI,21,78,39,39,33.4,14.3,5.7,12.2,46.3,0.3,1.0,26.9,2.7,3.5,75.0,1.6,5.0,6.6,1.9,1.3,0.9,0.6,1.6,28.4,11,0,1.3,2736,1610612741
71,72,Tayshaun Prince,DET,26,82,64,18,35.3,14.1,5.5,12.2,45.5,0.8,2.2,35.0,2.2,2.9,76.5,1.3,3.0,4.2,2.3,1.1,0.8,0.5,1.2,25.1,3,0,7.9,2419,1610612765
72,73,Troy Murphy,GSW,26,74,30,44,34.0,14.0,4.9,11.3,43.3,0.8,2.4,32.0,3.4,4.3,78.7,2.6,7.4,10.0,1.4,1.5,0.6,0.4,2.6,29.6,34,0,-1.6,2211,1610612744
73,74,Darius Miles,POR,24,40,9,31,32.1,14.0,5.9,12.8,46.1,0.1,0.3,20.0,2.2,4.1,53.4,0.6,4.0,4.6,1.8,2.5,1.1,1.0,2.5,25.8,1,0,-5.1,2032,1610612757
74,75,Andre Miller,DEN,30,82,44,38,35.8,13.7,4.9,10.6,46.3,0.1,0.3,18.5,3.8,5.2,73.8,1.1,3.2,4.3,8.2,3.1,1.3,0.2,2.6,32.6,20,0,1.6,1889,1610612743
75,76,Mike Miller,MEM,26,74,42,32,30.6,13.7,4.8,10.3,46.6,1.9,4.6,40.7,2.3,2.8,80.0,0.6,4.8,5.4,2.7,1.9,0.7,0.4,2.3,25.5,6,1,1.1,2034,1610612763
76,77,Eddy Curry,NYK,23,72,20,52,25.9,13.6,4.7,8.3,56.3,0.0,0.0,0.0,4.3,6.8,63.2,2.0,4.0,6.0,0.3,2.5,0.4,0.8,3.3,22.2,10,0,-5.4,2201,1610612752
77,78,Bonzi Wells,SAC,29,52,28,24,32.4,13.6,5.5,11.8,46.3,0.2,0.9,22.2,2.5,3.7,67.9,2.7,5.0,7.7,2.8,2.4,1.8,0.5,3.0,31.4,9,0,2.1,1719,1610612758
78,79,Nenad Krstic,NJN,22,80,48,32,30.9,13.5,5.6,11.0,50.7,0.0,0.1,25.0,2.3,3.3,69.8,2.3,4.1,6.4,1.1,1.7,0.4,0.8,3.7,24.7,12,0,3.4,2420,1610612751
79,80,Bobby Simmons,MIL,26,75,36,39,33.8,13.4,4.9,10.8,45.3,1.4,3.3,42.0,2.2,2.7,82.5,1.2,3.2,4.4,2.3,1.6,1.1,0.3,3.4,24.8,4,0,0.7,2250,1610612749
80,81,Boris Diaw,PHX,24,81,53,28,35.5,13.3,5.5,10.5,52.6,0.1,0.4,26.7,2.1,2.9,73.1,2.0,4.9,6.9,6.2,2.3,0.7,1.0,3.2,33.9,18,4,6.0,2564,1610612756
81,82,Jason Kidd,NJN,33,80,49,31,37.2,13.3,4.6,11.3,40.4,1.7,4.9,35.2,2.4,3.1,79.5,1.1,6.2,7.3,8.4,2.4,1.9,0.4,2.0,38.9,28,8,3.4,467,1610612751
82,83,Derek Fisher,GSW,31,82,34,48,31.6,13.3,4.4,10.8,41.0,1.4,3.6,39.7,3.0,3.6,83.3,0.4,2.1,2.6,4.3,1.9,1.5,0.1,2.9,25.8,5,0,-0.2,965,1610612744
83,84,Emeka Okafor,CHA,23,26,8,18,33.6,13.2,5.0,12.2,41.5,0.0,0.0,0.0,3.2,4.8,65.6,3.6,6.4,10.0,1.2,2.0,0.8,1.9,3.4,33.3,16,0,-2.7,2731,1610612766
84,85,Leandro Barbosa,PHX,23,57,36,21,27.9,13.1,4.8,9.9,48.1,1.5,3.4,44.4,1.9,2.6,75.5,0.5,2.1,2.6,2.8,1.6,0.8,0.1,2.5,21.6,0,0,1.9,2571,1610612756
85,86,Charlie Villanueva,TOR,21,81,26,55,29.1,13.0,5.4,11.6,46.3,0.9,2.6,32.7,1.4,2.0,70.6,2.2,4.2,6.4,1.1,1.2,0.7,0.8,3.0,25.7,12,0,-0.5,101111,1610612761
86,86,Jerry Stackhouse,DAL,31,55,41,14,27.7,13.0,4.4,11.0,40.1,0.7,2.4,27.7,3.5,4.0,88.2,0.6,2.2,2.8,2.9,2.2,0.7,0.2,1.7,21.1,0,0,2.6,711,1610612742
87,88,Andres Nocioni,CHI,26,82,41,41,27.3,13.0,4.7,10.1,46.1,1.1,2.9,39.1,2.5,3.0,84.3,1.1,5.0,6.1,1.4,1.5,0.5,0.6,3.1,24.3,13,0,-1.1,2804,1610612741
88,89,Kenyon Martin,DEN,28,56,25,31,27.6,12.9,5.3,10.7,49.5,0.1,0.4,22.7,2.2,3.0,71.2,1.7,4.6,6.3,1.4,1.3,0.8,0.9,3.1,26.3,7,0,1.0,2030,1610612743
89,90,Marcus Camby,DEN,32,56,29,27,33.2,12.8,5.4,11.6,46.5,0.0,0.2,9.1,2.0,2.8,71.2,2.4,9.6,11.9,2.1,1.6,1.4,3.3,2.8,42.6,30,0,0.6,948,1610612743
90,91,Brevin Knight,CHA,30,69,19,50,34.1,12.6,4.5,11.2,39.9,0.0,0.2,23.1,3.7,4.6,80.3,0.5,2.7,3.2,8.8,2.4,2.3,0.1,2.9,34.4,19,0,-3.3,1510,1610612766
91,92,Earl Boykins,DEN,30,60,35,25,25.7,12.6,4.5,11.0,41.0,1.0,3.0,34.6,2.5,2.9,87.4,0.4,1.0,1.4,3.8,1.4,0.8,0.1,1.2,21.2,1,0,-0.9,1863,1610612743
92,93,Matt Harpring,UTA,30,71,35,36,27.4,12.5,4.5,9.5,47.5,0.2,0.5,35.9,3.2,4.4,72.5,2.2,3.0,5.2,1.4,1.5,0.8,0.2,2.8,22.3,4,0,-1.4,1723,1610612762
93,94,Primoz Brezec,CHA,26,79,25,54,27.4,12.4,5.2,10.0,51.7,0.0,0.0,0.0,2.1,2.8,73.2,2.3,3.3,5.6,0.6,1.1,0.2,0.4,2.9,20.8,7,0,-4.2,2056,1610612766
94,95,Jason Williams,MIA,30,59,38,21,31.8,12.3,4.5,10.3,44.2,1.8,4.9,37.2,1.4,1.7,86.7,0.1,2.3,2.4,4.9,1.7,0.9,0.1,1.7,23.7,1,0,3.6,1715,1610612748
95,96,Channing Frye,NYK,23,65,19,46,24.2,12.3,4.7,9.8,47.7,0.0,0.1,33.3,2.9,3.5,82.5,2.1,3.6,5.8,0.8,1.5,0.5,0.7,3.1,22.5,3,0,-0.7,101112,1610612752
96,97,Jalen Rose,NYK,33,72,21,51,27.5,12.3,4.0,9.5,42.3,0.8,2.4,34.3,3.4,4.4,78.0,0.4,2.5,2.9,2.5,1.6,0.4,0.2,2.2,19.8,1,0,-3.6,147,1610612752
97,97,Shareef Abdur-Rahim,SAC,29,72,38,34,27.2,12.3,4.6,8.8,52.5,0.1,0.3,22.7,3.0,3.9,78.4,1.5,3.5,5.0,2.1,1.5,0.7,0.6,3.2,23.6,3,0,2.3,949,1610612758
98,99,Juan Dixon,POR,27,76,19,57,25.3,12.3,4.7,10.8,43.5,0.9,2.2,38.2,2.1,2.6,80.4,0.4,1.9,2.3,2.0,1.5,0.8,0.1,2.1,19.1,0,0,-4.4,2413,1610612757
99,100,Andre Iguodala,PHI,22,82,38,44,37.6,12.3,4.2,8.4,50.0,0.7,1.9,35.4,3.2,4.3,75.4,1.4,4.4,5.9,3.1,1.9,1.6,0.3,2.4,27.8,7,0,-0.1,2738,1610612755
100,101,Speedy Claxton,NOK,28,71,33,38,28.4,12.3,4.3,10.4,41.3,0.2,0.9,27.0,3.5,4.5,76.9,0.5,2.2,2.7,4.8,2.2,1.5,0.1,2.5,25.3,4,0,0.6,2049,1610612740
101,102,Antoine Walker,MIA,29,82,52,30,26.8,12.2,4.8,11.0,43.5,1.7,4.7,35.8,1.0,1.6,62.8,1.3,3.9,5.1,2.0,1.8,0.6,0.4,2.3,22.4,4,0,1.7,952,1610612748
102,103,T.J. Ford,MIL,23,72,34,38,35.5,12.2,4.6,11.0,41.6,0.5,1.4,33.7,2.6,3.4,75.4,0.9,3.4,4.3,6.6,3.0,1.4,0.1,2.7,28.8,10,0,0.3,2551,1610612749
103,104,Mo Williams,MIL,23,58,27,31,26.4,12.1,4.6,10.8,42.4,1.3,3.3,38.2,1.7,1.9,85.0,0.5,1.9,2.5,4.0,1.8,0.9,0.1,2.5,22.3,1,0,-1.6,2590,1610612749
104,105,Ruben Patterson,DEN,30,71,29,42,25.2,12.1,4.6,8.9,51.5,0.0,0.2,7.7,2.9,4.8,60.1,1.7,1.8,3.4,1.8,2.1,1.1,0.3,2.1,20.9,0,0,-2.9,1739,1610612743
105,106,Rafer Alston,HOU,29,63,27,36,38.6,12.1,4.4,11.7,37.9,1.6,5.0,32.7,1.6,2.3,69.2,0.6,3.5,4.0,6.7,2.5,1.6,0.2,3.1,30.1,6,0,-1.3,1747,1610612745
106,107,Chris Kaman,LAC,24,78,45,33,32.8,11.9,4.7,9.1,52.3,0.0,0.0,0.0,2.5,3.2,77.0,2.4,7.2,9.6,1.0,2.3,0.6,1.4,3.4,28.6,29,0,2.1,2549,1610612746
107,108,Raymond Felton,CHA,22,80,26,54,30.1,11.9,4.3,11.0,39.1,1.2,3.4,35.8,2.0,2.8,72.5,1.0,2.4,3.3,5.6,2.3,1.3,0.1,2.3,26.0,13,0,-1.5,101109,1610612766
108,109,Eddie Jones,MEM,34,75,45,30,32.5,11.8,3.9,9.6,40.4,1.8,5.0,35.6,2.2,2.9,78.1,0.5,3.3,3.7,2.4,1.2,1.7,0.4,2.7,24.9,1,0,4.2,224,1610612763
109,110,Juwan Howard,HOU,33,80,34,46,31.7,11.8,4.9,10.7,45.9,0.0,0.1,0.0,1.9,2.4,80.6,2.1,4.6,6.7,1.4,1.7,0.6,0.1,2.9,22.4,10,0,-3.1,436,1610612745
110,111,Delonte West,BOS,22,71,28,43,34.1,11.8,4.7,9.6,48.7,1.2,3.1,38.5,1.2,1.4,85.1,0.8,3.3,4.1,4.6,1.9,1.2,0.6,2.8,27.2,2,0,0.8,2753,1610612738
111,112,Damon Stoudamire,MEM,32,27,17,10,31.9,11.7,4.2,10.6,39.7,1.3,3.9,34.6,2.0,2.3,85.5,0.9,2.7,3.5,4.7,2.0,0.7,0.0,1.8,23.3,0,0,3.1,757,1610612763
112,113,Zaza Pachulia,ATL,22,78,26,52,31.4,11.7,3.9,8.7,45.1,0.0,0.0,0.0,3.8,5.2,73.5,3.4,4.5,7.9,1.7,2.3,1.1,0.5,3.7,26.2,21,0,-2.9,2585,1610612737
113,114,Luke Ridnour,SEA,25,79,34,45,33.2,11.5,4.2,10.1,41.8,0.5,1.9,28.9,2.5,2.9,87.7,0.6,2.4,3.0,7.0,2.1,1.6,0.3,2.3,29.0,12,0,-2.7,2557,1610612760
114,115,Mike Dunleavy,GSW,25,81,33,48,31.8,11.5,4.1,10.1,40.6,0.9,3.2,28.5,2.4,3.1,77.8,1.0,4.0,4.9,2.9,1.5,0.7,0.4,2.5,23.7,3,0,-0.5,2399,1610612744
115,116,Smush Parker,LAL,25,82,45,37,33.8,11.5,4.2,9.5,44.7,1.5,4.0,36.6,1.5,2.2,69.4,0.5,2.9,3.3,3.7,1.8,1.7,0.2,2.6,24.9,2,0,2.6,2470,1610612747
116,117,Kyle Korver,PHI,25,82,38,44,31.3,11.5,4.0,9.3,43.0,2.2,5.3,42.0,1.2,1.5,84.9,0.3,3.0,3.3,2.0,1.2,0.8,0.3,2.7,20.5,1,0,-0.6,2594,1610612755
117,118,Bobby Jackson,MEM,33,71,43,28,25.0,11.4,4.0,10.5,38.2,1.8,4.7,38.9,1.5,2.1,73.3,0.6,2.5,3.1,2.7,1.4,0.9,0.0,2.2,20.5,0,0,2.5,1517,1610612763
118,119,Mark Blount,MIN,30,81,28,53,27.6,11.3,4.6,9.1,50.8,0.0,0.0,0.0,2.1,2.7,75.7,1.2,3.3,4.5,1.2,2.4,0.5,0.9,3.1,20.4,3,0,-2.0,1548,1610612750
119,120,Josh Smith,ATL,20,80,26,54,32.0,11.3,4.1,9.7,42.5,0.4,1.4,30.9,2.6,3.7,71.9,2.2,4.4,6.6,2.4,2.0,0.8,2.6,3.3,31.0,11,0,-4.0,2746,1610612737
120,121,Flip Murray,CLE,26,76,35,41,27.8,11.2,4.2,10.1,41.8,0.5,1.9,26.2,2.3,3.2,71.1,0.4,1.6,2.0,2.6,1.8,0.9,0.1,1.8,18.8,0,0,-0.9,2436,1610612739
121,122,Tyronn Lue,ATL,29,51,17,34,24.2,11.0,3.8,8.2,45.9,1.1,2.5,45.7,2.3,2.7,85.5,0.3,1.4,1.6,3.1,1.5,0.5,0.1,2.2,17.8,0,0,-2.3,1731,1610612737
122,123,DeShawn Stevenson,ORL,25,82,36,46,32.3,11.0,4.4,9.5,46.0,0.0,0.2,13.3,2.2,3.0,74.4,0.7,2.2,2.9,2.0,1.5,0.7,0.2,2.2,18.7,0,0,-3.1,2052,1610612753
123,124,Desmond Mason,NOK,28,70,32,38,30.0,10.8,3.9,9.9,39.9,0.0,0.1,16.7,2.9,4.3,68.2,0.9,3.3,4.3,0.9,1.6,0.6,0.2,1.9,18.3,1,0,-3.7,2046,1610612740
124,125,Kevin Martin,SAC,23,72,40,32,26.6,10.8,3.6,7.6,48.0,0.9,2.5,36.9,2.6,3.1,84.7,0.8,2.8,3.6,1.3,1.1,0.8,0.1,1.9,18.7,2,0,0.5,2755,1610612758
125,126,Deron Williams,UTA,22,80,39,41,28.8,10.8,4.2,10.1,42.1,1.1,2.7,41.6,1.2,1.7,70.4,0.4,2.0,2.4,4.5,1.8,0.8,0.2,2.9,21.5,5,0,-1.3,101114,1610612762
126,127,Drew Gooden,CLE,24,79,49,30,27.5,10.7,4.2,8.3,51.2,0.0,0.0,33.3,2.2,3.3,68.2,3.0,5.4,8.4,0.7,1.3,0.7,0.6,2.4,24.4,23,0,0.1,2400,1610612739
127,128,Gordan Giricek,UTA,29,37,18,19,25.8,10.6,4.5,10.4,43.3,0.5,1.6,30.5,1.2,1.5,75.4,0.4,1.5,1.9,1.7,1.7,0.4,0.1,2.4,15.4,0,0,-2.2,1921,1610612762
128,129,Jumaine Jones,CHA,27,76,23,53,27.5,10.5,3.9,9.7,40.5,1.5,4.4,34.3,1.2,1.6,72.7,1.4,3.6,4.9,0.8,1.0,0.9,0.3,2.6,20.3,3,0,-3.3,1908,1610612766
129,130,Tim Thomas,PHX,29,29,16,13,22.9,10.3,3.9,9.0,43.1,1.6,3.8,41.4,1.0,1.4,66.7,0.8,3.8,4.5,0.7,1.1,0.6,0.2,2.7,18.0,0,0,0.9,1501,1610612756
130,131,Chris Mihm,LAL,26,59,32,27,26.1,10.2,3.9,7.8,50.1,0.0,0.0,0.0,2.4,3.4,71.6,2.3,4.0,6.3,1.0,1.4,0.3,1.2,3.6,22.5,7,0,0.8,2036,1610612747
131,132,Marquis Daniels,DAL,25,62,43,19,28.5,10.2,4.0,8.3,48.0,0.1,0.3,21.1,2.2,3.0,75.4,1.3,2.3,3.6,2.8,1.6,1.1,0.2,2.3,21.0,0,0,2.6,2605,1610612742
132,133,Michael Finley,SAS,33,77,59,18,26.5,10.1,3.7,9.0,41.2,1.4,3.6,39.4,1.3,1.5,85.2,0.4,2.8,3.2,1.5,0.8,0.5,0.1,1.3,17.1,1,0,3.0,714,1610612759
133,134,Shane Battier,MEM,27,81,49,32,35.1,10.1,3.7,7.7,48.8,0.8,2.0,39.4,1.8,2.6,70.7,2.0,3.3,5.3,1.7,1.1,1.1,1.4,2.8,25.5,4,0,4.4,2203,1610612763
134,135,Kareem Rush,CHA,25,47,13,34,23.6,10.1,3.9,10.0,38.6,1.2,3.5,34.8,1.2,1.6,71.4,0.4,1.8,2.2,1.1,1.4,0.8,0.3,1.7,16.2,0,0,-3.8,2416,1610612766
135,136,Josh Childress,ATL,23,74,24,50,30.4,10.0,3.8,6.8,55.2,0.4,0.9,49.2,2.1,2.7,76.6,1.8,3.4,5.2,1.8,1.4,1.2,0.5,2.5,22.7,6,0,-2.5,2735,1610612737
136,137,Marcus Banks,MIN,24,58,20,38,25.8,10.0,3.8,8.1,46.8,0.4,1.1,34.9,2.0,2.5,80.3,0.4,1.9,2.3,3.8,2.1,0.9,0.2,2.8,19.8,0,0,-2.0,2556,1610612750
137,138,Devin Harris,DAL,23,56,45,11,22.8,9.9,3.4,7.2,46.9,0.1,0.4,23.8,3.0,4.2,71.6,0.5,1.8,2.2,3.2,1.5,0.9,0.3,2.2,19.5,1,0,3.0,2734,1610612742
138,139,David Wesley,HOU,35,71,31,40,33.4,9.9,3.2,7.9,40.3,1.4,3.8,36.5,2.1,2.6,80.7,0.3,2.2,2.5,2.9,1.7,0.8,0.1,3.0,18.3,0,0,-1.1,133,1610612745
139,140,Eddie House,PHX,28,81,53,28,17.5,9.8,4.0,9.4,42.2,1.5,3.9,38.9,0.4,0.5,80.5,0.2,1.4,1.6,1.8,0.9,0.5,0.1,1.2,15.6,0,0,1.0,2067,1610612756
140,141,Melvin Ely,CHA,28,57,20,37,23.7,9.8,3.8,7.5,50.8,0.0,0.0,0.0,2.2,3.4,66.7,1.6,3.2,4.9,1.3,1.8,0.5,0.8,2.8,19.7,2,0,-1.3,2408,1610612766
141,142,Vladimir Radmanovic,LAC,25,77,35,42,25.6,9.8,3.4,8.4,40.7,1.8,4.6,39.0,1.2,1.5,81.6,0.8,3.8,4.6,1.8,1.2,0.8,0.4,2.7,20.3,7,0,-1.5,2209,1610612746
142,143,Salim Stoudamire,ATL,23,61,20,41,20.3,9.7,3.3,8.1,41.5,1.3,3.5,38.0,1.6,1.8,90.0,0.2,1.7,1.9,1.2,1.3,0.4,0.0,1.9,13.9,0,0,-1.6,101136,1610612737
143,144,Antonio Daniels,WAS,31,80,42,38,28.5,9.6,2.9,6.9,41.8,0.3,1.3,22.8,3.6,4.2,84.5,0.2,1.9,2.2,3.6,1.1,0.7,0.1,1.2,18.6,0,0,1.5,1498,1610612764
144,145,Fred Jones,IND,27,68,33,35,27.0,9.6,3.4,8.2,41.7,0.9,2.8,33.7,1.8,2.4,76.3,0.3,2.2,2.5,2.3,1.6,0.8,0.3,2.1,17.7,0,0,0.0,2410,1610612754
145,146,Chucky Atkins,MEM,31,71,37,34,24.1,9.5,3.2,8.1,39.4,1.4,3.9,35.4,1.8,2.3,79.1,0.3,1.4,1.7,2.8,1.2,0.6,0.0,2.1,16.4,0,0,0.5,1088,1610612763
146,147,Troy Hudson,MIN,30,36,17,19,22.2,9.5,3.5,9.3,38.1,1.1,2.8,39.6,1.3,1.4,92.3,0.2,1.0,1.2,2.9,1.1,0.3,0.1,1.5,15.6,0,0,-0.9,1607,1610612750
147,148,Sebastian Telfair,POR,21,68,17,51,24.1,9.5,3.4,8.5,39.4,0.8,2.4,35.2,1.9,2.6,74.3,0.3,1.5,1.8,3.6,1.7,1.0,0.1,2.5,18.5,0,0,-4.8,2742,1610612757
148,149,Keyon Dooling,ORL,26,50,23,27,22.7,9.4,3.6,8.1,44.0,0.3,0.9,30.2,2.0,2.4,83.5,0.2,1.3,1.6,2.2,1.6,1.0,0.1,2.3,16.1,0,0,0.7,2039,1610612753
149,150,Andrew Bogut,MIL,21,82,40,42,28.6,9.4,3.9,7.4,53.3,0.0,0.0,0.0,1.5,2.4,62.9,2.3,4.7,7.0,2.3,1.5,0.6,0.8,3.2,24.0,12,0,0.9,101106,1610612749
150,151,Udonis Haslem,MIA,26,81,52,29,30.7,9.3,3.7,7.3,50.8,0.0,0.0,0.0,1.9,2.5,78.9,2.1,5.8,7.8,1.2,1.0,0.6,0.2,2.7,22.0,14,0,3.3,2617,1610612748
151,152,Jarvis Hayes,WAS,24,21,9,12,24.6,9.3,3.7,8.7,42.1,0.8,2.2,36.2,1.2,1.4,83.3,0.9,2.7,3.6,1.3,1.0,0.8,0.0,1.8,17.0,0,0,0.6,2553,1610612764
152,153,James Jones,PHX,25,75,50,25,23.6,9.3,3.2,7.7,41.8,1.5,3.8,38.6,1.4,1.6,85.1,0.6,2.8,3.4,0.8,0.5,0.5,0.7,1.9,17.5,2,0,2.4,2592,1610612756
153,154,Nate Robinson,NYK,22,72,21,51,21.4,9.3,3.2,7.8,40.7,0.8,2.0,39.7,2.1,2.8,75.2,0.8,1.5,2.3,2.0,1.6,0.8,0.0,2.8,16.1,0,0,-1.2,101126,1610612752
154,155,Jamaal Tinsley,IND,28,42,20,22,26.7,9.3,3.8,9.2,40.9,0.4,1.7,22.9,1.4,2.2,63.7,0.8,2.3,3.2,5.0,2.6,1.2,0.1,2.3,22.0,1,0,0.6,2224,1610612754
155,156,Donyell Marshall,CLE,33,81,50,31,25.6,9.3,3.3,8.3,39.5,1.6,4.9,32.4,1.1,1.5,74.8,1.3,4.8,6.1,0.7,1.1,0.7,0.5,2.0,20.3,5,0,1.6,923,1610612739
156,157,Mickael Pietrus,GSW,24,52,20,32,22.7,9.3,3.3,8.0,40.4,1.1,3.4,31.8,1.7,2.8,60.8,1.1,2.0,3.1,0.8,1.5,0.6,0.2,2.5,15.3,1,0,-2.5,2554,1610612744
157,158,Trenton Hassell,MIN,27,77,31,46,32.7,9.2,3.7,8.0,46.4,0.1,0.3,30.4,1.7,2.3,74.4,1.1,1.7,2.8,2.6,1.6,0.6,0.4,2.6,17.7,1,0,-1.2,2239,1610612750
158,159,Anthony Johnson,IND,31,75,35,40,26.4,9.2,3.6,8.0,44.3,0.7,2.1,32.9,1.4,1.9,75.2,0.4,1.8,2.2,4.3,1.5,0.8,0.3,1.8,20.2,2,0,1.8,1533,1610612754
159,160,Jamaal Magloire,MIL,28,82,40,42,30.1,9.2,3.5,7.5,46.7,0.0,0.0,0.0,2.2,4.1,53.5,2.7,6.8,9.5,0.7,2.0,0.4,1.0,3.4,23.5,17,0,-1.2,2048,1610612749
160,161,Darius Songaila,CHI,28,62,27,35,21.4,9.2,3.8,7.9,48.1,0.0,0.1,40.0,1.5,1.9,81.7,1.2,2.7,4.0,1.4,1.4,0.6,0.3,2.5,17.1,2,0,0.9,2443,1610612741
161,162,Kenny Thomas,SAC,28,82,44,38,28.0,9.1,3.7,7.4,50.5,0.0,0.0,0.0,1.7,2.5,67.6,2.4,5.1,7.5,2.0,1.6,0.9,0.5,2.4,23.7,20,1,-0.5,1903,1610612758
162,163,P.J. Brown,NOK,36,75,33,42,31.7,9.0,3.6,7.8,46.1,0.0,0.0,0.0,1.9,2.2,82.7,2.4,4.9,7.3,1.2,1.2,0.6,0.7,2.9,22.2,9,0,-2.2,136,1610612740
163,164,Keith Van Horn,DAL,30,53,38,15,20.6,8.9,3.1,7.3,42.4,0.9,2.6,36.8,1.8,2.1,83.2,1.0,2.6,3.6,0.7,1.3,0.6,0.2,2.3,15.3,2,0,1.8,1496,1610612742
164,165,Earl Watson,SEA,27,70,39,31,22.5,8.9,3.1,7.3,43.0,1.6,3.9,40.4,1.1,1.6,67.6,0.3,1.9,2.3,4.1,1.9,1.0,0.1,2.3,19.2,1,0,2.1,2248,1610612760
165,166,Stromile Swift,HOU,26,66,26,40,20.4,8.9,3.4,6.9,49.1,0.0,0.0,0.0,2.1,3.2,65.1,1.6,2.8,4.4,0.4,1.4,0.6,0.8,3.0,17.4,3,0,-2.0,2031,1610612745
166,167,Bracey Wright,MIN,21,7,1,6,19.3,8.9,3.0,7.3,41.2,0.9,2.4,35.3,2.0,2.3,87.5,0.4,2.1,2.6,0.7,1.1,0.1,0.0,1.1,12.3,0,0,-1.4,101152,1610612750
167,168,Luther Head,HOU,23,80,32,48,28.9,8.8,3.2,7.9,40.3,1.4,3.9,36.1,1.1,1.5,69.9,0.4,2.9,3.3,2.7,1.5,1.1,0.1,2.1,19.0,1,0,-0.5,101129,1610612745
168,169,Chris Duhon,CHI,23,74,36,38,29.1,8.7,2.9,7.3,40.0,1.4,3.8,36.0,1.6,1.9,81.8,0.4,2.6,3.0,5.0,1.6,0.9,0.0,2.1,21.3,2,1,-0.7,2768,1610612741
169,170,Rasual Butler,NOK,27,79,36,43,23.7,8.7,3.3,8.0,40.6,1.2,3.1,38.0,1.0,1.4,69.3,0.6,2.3,2.9,0.5,0.8,0.4,0.6,1.8,15.1,1,0,-0.8,2446,1610612740
170,171,Amar'e Stoudemire,PHX,23,3,2,1,16.8,8.7,3.0,9.0,33.3,0.0,0.3,0.0,2.7,3.0,88.9,2.0,3.3,5.3,0.7,0.3,0.3,1.0,1.3,19.7,0,0,-1.3,2405,1610612756
171,172,Keith Bogans,HOU,26,72,25,47,26.6,8.6,3.0,7.6,39.5,0.9,2.8,32.5,1.8,2.6,68.3,0.8,2.8,3.5,1.8,1.3,1.0,0.1,2.3,17.6,0,0,-2.8,2586,1610612745
172,173,Joe Smith,MIL,30,44,20,24,20.2,8.6,3.3,6.9,47.5,0.0,0.0,0.0,2.0,2.6,77.4,1.9,3.3,5.2,0.7,0.9,0.5,0.3,2.7,17.6,5,0,-0.3,693,1610612749
173,174,Kurt Thomas,PHX,33,53,36,17,26.6,8.6,3.6,7.4,48.6,0.0,0.0,0.0,1.4,1.7,81.5,1.9,5.9,7.8,1.1,1.1,0.4,1.0,3.6,22.9,8,0,4.6,703,1610612756
174,175,Marvin Williams,ATL,20,79,25,54,24.7,8.5,3.0,6.7,44.3,0.2,0.7,24.5,2.4,3.2,74.7,1.5,3.3,4.8,0.8,1.1,0.6,0.3,2.9,17.2,4,0,-1.1,101107,1610612737
175,176,Charlie Bell,MIL,27,59,31,28,21.7,8.4,3.1,6.9,43.9,1.2,2.8,42.3,1.1,1.5,70.8,0.4,1.7,2.0,2.2,0.7,1.0,0.1,2.1,16.7,2,1,0.4,2294,1610612749
176,177,Steve Blake,POR,26,68,16,52,26.2,8.2,3.0,6.9,43.8,1.1,2.7,41.3,1.1,1.3,79.1,0.4,1.8,2.1,4.5,1.2,0.6,0.1,1.6,18.4,3,0,-5.4,2581,1610612757
177,178,Sean May,CHA,22,23,7,16,17.3,8.2,3.0,7.4,40.9,0.0,0.2,0.0,2.1,2.8,76.6,1.8,2.9,4.7,1.0,1.4,0.7,0.5,2.5,17.7,1,0,-1.0,101118,1610612766
178,179,Quentin Richardson,NYK,26,55,11,44,26.2,8.2,3.0,8.3,35.5,1.2,3.4,34.0,1.1,1.7,67.0,1.2,3.0,4.2,1.6,1.0,0.7,0.1,2.4,17.1,0,0,-4.9,2047,1610612752
179,180,Austin Croshere,IND,31,50,27,23,23.0,8.2,2.6,5.7,46.3,1.1,2.8,38.6,1.8,2.0,88.2,1.2,4.1,5.3,1.2,1.0,0.4,0.1,2.1,17.2,4,0,2.2,1506,1610612754
180,181,Chris Wilcox,SEA,23,77,45,32,19.9,8.1,3.3,5.8,57.1,0.0,0.0,0.0,1.5,2.0,73.2,1.5,3.8,5.3,0.7,0.9,0.4,0.4,2.4,17.2,8,0,0.2,2404,1610612760
181,182,Derek Anderson,MIA,31,43,22,21,24.3,8.1,2.5,7.0,35.6,0.9,3.1,29.9,2.2,2.6,83.8,0.5,2.8,3.3,2.3,1.3,0.5,0.1,2.3,16.4,0,0,-0.9,1507,1610612748
182,183,Michael Sweetney,CHI,23,66,31,35,18.5,8.1,3.0,6.7,45.0,0.0,0.0,0.0,2.0,3.1,65.2,1.8,3.5,5.3,0.9,1.4,0.3,0.8,3.2,17.8,6,0,-0.9,2552,1610612741
183,184,Kirk Snyder,NOK,23,68,28,40,19.3,8.0,3.0,6.7,45.3,0.7,1.9,35.7,1.3,1.7,73.5,0.8,1.6,2.4,1.5,1.0,0.4,0.3,1.6,14.3,1,0,0.4,2745,1610612740
184,185,Rashad McCants,MIN,21,79,31,48,17.2,7.9,3.1,6.8,45.0,0.8,2.3,37.2,1.0,1.3,73.6,0.4,1.4,1.8,0.8,1.1,0.6,0.3,2.2,12.7,0,0,-1.4,101119,1610612750
185,186,Brian Cook,LAL,25,81,45,36,19.0,7.9,3.2,6.3,51.1,0.4,1.0,42.9,1.0,1.2,83.2,1.1,2.3,3.4,0.9,0.8,0.5,0.4,2.5,15.2,1,0,1.5,2567,1610612747
186,187,Tony Battie,ORL,30,82,36,46,27.0,7.9,3.4,6.7,50.7,0.0,0.1,0.0,1.1,1.6,66.4,1.8,3.8,5.6,0.6,1.1,0.6,0.8,3.0,18.6,6,0,-1.5,1499,1610612753
187,188,Al Jefferson,BOS,21,59,23,36,18.0,7.9,3.2,6.4,49.9,0.0,0.1,0.0,1.5,2.3,64.2,1.6,3.4,5.1,0.5,1.1,0.5,0.8,2.8,17.5,5,0,-1.8,2744,1610612738
188,189,Alonzo Mourning,MIA,36,65,43,22,20.0,7.8,2.9,4.8,59.7,0.0,0.0,0.0,2.0,3.4,59.4,1.9,3.6,5.5,0.2,1.2,0.2,2.7,2.7,22.1,9,0,3.6,297,1610612748
189,190,Marko Jaric,MIN,27,75,31,44,28.0,7.8,3.0,7.5,39.9,0.5,1.8,30.1,1.3,1.8,68.8,0.8,2.3,3.1,3.9,1.7,1.4,0.3,2.5,20.9,2,0,0.5,2060,1610612750
190,191,Raef LaFrentz,BOS,30,82,33,49,24.8,7.8,2.9,6.7,43.1,1.4,3.5,39.2,0.6,0.9,68.0,1.0,4.0,5.0,1.4,0.8,0.4,0.9,3.3,18.7,3,0,-0.2,1711,1610612738
191,192,Antonio McDyess,DET,31,82,64,18,21.1,7.8,3.5,6.8,50.9,0.0,0.0,0.0,0.8,1.5,55.7,1.9,3.4,5.3,1.1,0.9,0.6,0.6,2.7,18.3,5,0,1.7,686,1610612765
192,193,Gary Payton,MIA,37,81,52,29,28.5,7.7,2.8,6.8,42.0,0.8,2.8,28.7,1.2,1.6,79.4,0.4,2.5,2.9,3.2,1.3,0.9,0.1,2.1,17.7,0,0,1.5,56,1610612748
193,194,JR Smith,NOK,20,55,24,31,18.0,7.7,2.6,6.7,39.3,0.9,2.5,37.1,1.5,1.8,82.2,0.3,1.7,2.0,1.1,1.0,0.7,0.1,1.6,12.9,1,0,-2.2,2747,1610612740
194,195,Matt Carroll,CHA,25,78,24,54,16.4,7.6,2.5,6.1,40.3,0.9,2.4,38.9,1.8,2.2,82.1,0.4,1.6,2.0,0.4,0.6,0.6,0.1,1.5,12.3,0,0,-0.4,2679,1610612766
195,196,Tony Delk,DET,32,24,15,9,16.0,7.6,3.0,6.7,44.1,0.8,2.0,42.6,0.8,1.1,74.1,0.6,1.6,2.2,1.4,0.8,0.5,0.0,1.2,13.3,0,0,-0.9,960,1610612765
196,197,Ryan Gomes,BOS,23,61,26,35,22.6,7.6,2.8,5.8,48.7,0.0,0.1,33.3,1.8,2.4,75.2,1.7,3.2,4.9,1.0,0.9,0.6,0.1,1.4,15.9,8,0,0.0,101155,1610612738
197,198,Bruce Bowen,SAS,35,82,63,19,33.6,7.5,2.8,6.5,43.3,1.3,3.0,42.4,0.6,1.0,60.7,0.4,3.5,3.9,1.5,0.8,1.0,0.4,2.3,17.7,0,0,4.4,1477,1610612759
198,198,John Salmons,PHI,26,82,38,44,25.1,7.5,2.7,6.4,42.0,0.3,1.1,29.9,1.9,2.4,77.5,0.6,2.1,2.7,2.7,1.5,0.9,0.2,2.2,16.5,3,0,-2.3,2422,1610612755
199,200,Devin Brown,UTA,27,81,40,41,21.1,7.5,2.6,6.5,39.3,0.5,1.5,33.1,2.0,2.6,74.5,0.9,1.7,2.6,1.3,1.2,0.5,0.2,1.9,13.5,0,0,-1.6,2484,1610612762
200,201,Danny Granger,IND,23,78,39,39,22.6,7.5,2.8,6.1,46.2,0.4,1.2,32.3,1.5,1.9,77.7,1.7,3.2,4.9,1.2,1.0,0.7,0.8,2.7,18.8,6,0,-0.7,101122,1610612754
201,202,Matt Bonner,TOR,26,78,26,52,21.9,7.5,2.7,6.0,44.8,1.3,3.1,42.0,0.8,1.0,82.9,1.1,2.5,3.6,0.7,0.4,0.6,0.4,2.8,15.6,2,0,-1.4,2588,1610612761
202,203,Nick Collison,SEA,25,66,27,39,21.9,7.5,3.1,6.0,52.5,0.0,0.0,0.0,1.2,1.7,69.9,2.2,3.4,5.6,1.1,1.2,0.3,0.5,3.2,17.2,8,0,0.6,2555,1610612760
203,204,Kwame Brown,LAL,24,72,39,33,27.5,7.4,2.8,5.4,52.6,0.0,0.0,0.0,1.8,3.3,54.5,2.5,4.0,6.6,1.0,1.4,0.4,0.6,2.7,18.5,7,0,1.0,2198,1610612747
204,205,Samuel Dalembert,PHI,26,66,29,37,26.7,7.3,3.0,5.6,53.1,0.0,0.0,0.0,1.4,2.0,70.5,2.4,5.8,8.2,0.4,1.6,0.5,2.4,3.7,25.0,10,0,-1.5,2223,1610612755
205,206,Voshon Lenard,POR,33,26,4,22,17.6,7.3,2.9,7.3,39.3,1.0,3.0,32.1,0.6,1.2,51.6,0.2,1.6,1.8,1.6,1.2,0.8,0.2,1.5,13.6,1,0,-1.6,702,1610612757
206,207,Sarunas Jasikevicius,IND,30,75,37,38,20.8,7.3,2.3,5.7,39.6,1.1,3.1,36.4,1.6,1.8,91.0,0.3,1.8,2.0,3.0,1.5,0.5,0.1,1.4,14.5,1,0,0.7,101180,1610612754
207,208,Ben Wallace,DET,31,82,64,18,35.2,7.3,2.9,5.7,51.0,0.0,0.0,0.0,1.5,3.6,41.6,3.7,7.6,11.3,1.9,1.1,1.8,2.2,2.0,34.6,17,0,7.3,1112,1610612765
208,209,Brendan Haywood,WAS,26,79,41,38,23.8,7.3,2.8,5.5,51.4,0.0,0.0,0.0,1.7,2.8,58.5,2.5,3.4,5.9,0.6,1.2,0.4,1.3,2.9,19.1,7,0,1.2,2217,1610612764
209,210,Tony Allen,BOS,24,51,20,31,19.2,7.2,2.5,5.4,47.1,0.2,0.7,32.4,2.0,2.6,74.6,0.6,1.5,2.2,1.3,1.3,1.0,0.4,2.5,14.6,0,0,-1.4,2754,1610612738
210,211,James Posey,MIA,29,67,44,23,28.6,7.2,2.4,5.9,40.3,1.7,4.3,40.3,0.7,0.9,78.7,0.5,4.3,4.8,1.3,0.9,0.8,0.3,2.9,17.4,1,0,3.1,1899,1610612748
211,212,Ike Diogu,GSW,22,69,26,43,14.9,7.0,2.5,4.8,52.4,0.0,0.0,0.0,2.0,2.4,81.0,1.4,1.9,3.3,0.4,1.1,0.2,0.4,2.4,12.5,3,0,-1.1,101113,1610612744
212,213,Willie Green,PHI,24,10,4,6,15.3,7.0,2.8,6.6,42.4,1.0,1.9,52.6,0.4,0.5,80.0,0.1,1.4,1.5,0.5,1.2,0.2,0.0,1.3,9.0,0,0,-2.9,2584,1610612755
213,214,Clifford Robinson,NJN,39,80,49,31,23.3,6.9,2.7,6.4,42.7,0.8,2.2,34.3,0.7,1.0,65.8,0.7,2.7,3.3,1.1,0.8,0.6,0.5,2.6,14.9,0,0,0.3,361,1610612751
214,215,Monta Ellis,GSW,20,49,16,33,18.1,6.8,2.7,6.5,41.5,0.6,1.7,34.1,0.9,1.2,71.2,0.4,1.7,2.1,1.6,1.2,0.7,0.2,1.4,13.2,0,0,0.2,101145,1610612744
215,216,Damon Jones,CLE,29,82,50,32,25.5,6.7,2.3,6.0,38.7,1.7,4.5,37.7,0.4,0.6,64.0,0.2,1.5,1.6,2.1,0.7,0.5,0.0,1.4,12.5,0,0,1.8,1800,1610612739
216,217,Greg Buckner,DEN,29,73,41,32,24.1,6.7,2.5,5.7,43.4,1.2,3.3,35.4,0.6,0.8,78.2,0.4,2.4,2.9,1.7,0.7,1.2,0.3,2.5,16.5,0,0,0.2,1761,1610612743
217,218,Qyntel Woods,NYK,25,49,14,35,20.7,6.7,2.6,5.2,50.8,0.4,1.2,36.7,1.0,1.6,64.5,0.9,3.0,3.9,1.0,1.2,0.7,0.3,2.0,14.3,2,0,-1.8,2417,1610612752
218,219,Amir Johnson,DET,19,3,1,2,12.9,6.7,2.3,3.3,70.0,0.7,1.0,66.7,1.3,1.3,100.0,1.0,0.3,1.3,1.0,1.3,0.0,0.7,2.3,10.4,0,0,-7.3,101161,1610612765
219,219,Marcus Fizer,NOK,27,3,0,3,13.0,6.7,3.0,5.7,52.9,0.3,0.3,100.0,0.3,0.7,50.0,0.3,2.0,2.3,0.3,0.7,0.0,0.0,1.7,9.3,0,0,-4.0,2033,1610612740
220,221,Joey Graham,TOR,24,80,26,54,19.8,6.7,2.5,5.2,47.8,0.4,1.1,33.3,1.4,1.7,81.2,0.7,2.3,3.1,0.8,1.2,0.5,0.2,2.9,12.2,0,0,-2.2,101121,1610612761
221,222,Jarrett Jack,POR,22,79,20,59,20.2,6.7,2.4,5.4,44.2,0.3,1.0,26.3,1.6,2.0,80.0,0.2,1.8,2.0,2.8,1.3,0.5,0.0,1.7,13.6,0,0,-4.7,101127,1610612757
222,223,Martell Webster,POR,19,61,11,50,17.5,6.6,2.3,5.7,39.9,1.1,3.0,35.7,1.0,1.2,85.9,0.5,1.7,2.1,0.6,0.7,0.3,0.2,1.5,11.0,0,0,-4.0,101110,1610612757
223,224,Damien Wilkins,SEA,26,82,35,47,18.6,6.5,2.4,5.3,44.4,0.2,0.7,25.0,1.7,2.0,84.0,1.0,1.4,2.3,1.3,1.0,0.9,0.1,1.8,13.3,2,0,-2.1,2863,1610612760
224,225,Marc Jackson,NOK,31,64,28,36,16.0,6.5,2.7,5.8,47.2,0.0,0.0,50.0,1.0,1.3,80.5,1.3,2.0,3.4,0.7,1.0,0.2,0.1,2.0,11.6,2,0,-2.2,1531,1610612740
225,226,Robert Swift,SEA,20,47,20,27,21.0,6.4,2.6,5.1,51.5,0.0,0.0,0.0,1.1,1.9,58.2,2.0,3.6,5.6,0.2,1.0,0.3,1.2,3.0,16.9,2,0,-1.5,2741,1610612760
226,227,Bernard Robinson,CHA,25,66,16,50,19.7,6.4,2.4,5.5,43.0,0.0,0.3,9.5,1.6,2.0,79.1,0.9,2.4,3.3,1.2,1.1,1.2,0.2,2.1,15.1,3,0,-1.5,2774,1610612766
227,228,Jared Jeffries,WAS,24,77,39,38,25.3,6.4,2.4,5.4,45.1,0.2,0.6,32.0,1.3,2.2,58.9,2.1,2.8,4.9,1.9,1.3,0.8,0.6,2.9,18.1,2,0,0.9,2407,1610612764
228,229,Devean George,LAL,28,71,40,31,21.7,6.3,2.4,6.0,40.0,0.7,2.3,31.3,0.8,1.2,67.4,1.2,2.7,3.9,1.0,0.8,0.9,0.5,2.2,15.8,0,0,1.3,1904,1610612747
229,230,Maurice Taylor,NYK,29,67,17,50,18.1,6.3,2.7,5.8,46.8,0.0,0.0,0.0,0.9,1.2,69.9,1.0,2.4,3.4,0.8,1.5,0.3,0.2,2.6,11.6,1,0,-2.1,1508,1610612752
230,231,Milt Palacio,UTA,28,71,33,38,19.4,6.2,2.4,5.7,42.4,0.0,0.2,6.3,1.4,2.1,65.3,0.2,1.6,1.9,2.7,1.5,0.7,0.2,1.8,13.5,0,0,-1.3,1960,1610612762
231,232,Nazr Mohammed,SAS,28,80,62,18,17.4,6.2,2.4,4.7,50.4,0.0,0.0,0.0,1.4,1.8,78.5,2.0,3.2,5.2,0.5,1.1,0.3,0.6,2.8,14.7,5,0,1.7,1737,1610612759
232,233,Joel Przybilla,POR,26,56,16,40,24.9,6.1,2.3,4.3,54.8,0.0,0.0,0.0,1.5,2.8,53.2,2.6,4.4,7.0,0.8,1.4,0.4,2.3,2.7,22.4,6,0,-4.2,2038,1610612757
233,234,DerMarr Johnson,DEN,26,58,29,29,15.9,6.1,2.3,5.3,43.1,1.0,2.8,35.0,0.6,0.7,81.0,0.3,1.3,1.7,0.9,0.8,0.4,0.4,1.5,11.4,0,0,-0.5,2035,1610612743
234,235,Steven Hunter,PHI,24,69,33,36,19.0,6.1,2.5,4.2,60.1,0.0,0.0,0.0,1.0,2.0,51.4,1.6,2.3,3.9,0.2,0.9,0.2,1.1,1.7,14.1,2,0,-0.8,2212,1610612755
235,236,Jeff Foster,IND,29,63,30,33,25.1,5.9,2.2,4.0,55.2,0.0,0.1,0.0,1.5,2.5,60.4,3.6,5.6,9.1,0.8,1.0,0.7,0.4,3.0,20.3,7,0,1.2,1902,1610612754
236,237,Viktor Khryapa,POR,23,69,16,53,21.6,5.8,2.3,5.0,46.2,0.1,0.4,33.3,1.1,1.6,69.4,1.7,2.8,4.4,1.3,1.2,0.7,0.4,3.0,15.3,3,0,-4.3,2751,1610612757
237,238,Carlos Arroyo,ORL,26,77,54,23,15.5,5.8,2.2,4.9,44.4,0.1,0.3,35.0,1.4,1.8,77.4,0.4,1.3,1.7,3.0,1.1,0.5,0.1,1.5,12.9,0,0,0.4,2306,1610612753
238,239,Brent Barry,SAS,34,74,56,18,17.0,5.8,2.1,4.7,45.2,1.1,2.7,39.6,0.5,0.8,66.1,0.4,1.8,2.1,1.7,0.7,0.5,0.4,1.3,12.9,0,0,2.7,699,1610612759
239,240,Lorenzen Wright,MEM,30,78,47,31,21.7,5.8,2.5,5.2,47.8,0.0,0.0,0.0,0.8,1.5,56.4,1.8,3.2,5.1,0.6,0.9,0.7,0.6,2.6,15.7,3,0,1.8,953,1610612763
240,241,Travis Outlaw,POR,21,69,17,52,16.7,5.8,2.3,5.3,44.0,0.2,0.8,26.4,0.9,1.3,69.7,0.7,2.0,2.7,0.5,0.5,0.4,0.7,1.6,12.6,1,0,-4.2,2566,1610612757
241,242,Shaun Livingston,LAC,20,61,33,28,25.0,5.8,2.4,5.7,42.7,0.0,0.1,12.5,0.9,1.3,68.8,0.7,2.3,3.0,4.5,1.8,0.8,0.5,2.6,18.1,1,0,-1.1,2733,1610612746
242,243,Alan Anderson,CHA,23,36,7,29,15.7,5.8,2.1,5.0,41.4,0.7,1.6,41.4,0.9,1.1,80.5,0.6,1.3,1.9,0.9,0.9,0.3,0.1,1.3,9.8,0,0,0.2,101187,1610612766
243,244,David Harrison,IND,23,67,34,33,15.4,5.7,2.2,4.4,50.3,0.0,0.0,0.0,1.3,2.6,51.1,1.3,2.5,3.8,0.2,1.2,0.3,0.9,2.9,13.1,2,0,-0.4,2758,1610612754
244,245,Erick Dampier,DAL,30,82,60,22,23.6,5.7,2.1,4.2,49.3,0.0,0.0,0.0,1.5,2.6,59.1,3.3,4.5,7.8,0.6,1.4,0.3,1.3,3.2,19.5,7,0,2.9,956,1610612742
245,246,Francisco Garcia,SAC,24,67,36,31,19.4,5.6,1.9,4.9,40.0,0.6,2.0,28.5,1.2,1.5,77.2,0.6,2.2,2.8,1.4,1.1,0.6,0.7,2.0,13.9,1,0,-0.5,101128,1610612758
246,246,Reggie Evans,DEN,26,67,26,41,20.8,5.6,2.0,4.0,48.9,0.0,0.0,0.0,1.7,3.2,53.0,2.6,4.9,7.5,0.6,1.3,0.6,0.1,2.5,16.4,6,0,-3.1,2501,1610612743
247,248,Keith McLeod,UTA,26,66,36,30,18.7,5.6,1.8,5.2,35.3,0.4,1.2,29.3,1.6,2.0,79.7,0.2,1.0,1.2,2.3,1.2,0.6,0.1,2.0,11.6,0,0,-1.8,2693,1610612762
248,249,Nick Van Exel,SAS,34,65,51,14,15.2,5.5,2.1,5.3,39.7,0.8,2.4,35.7,0.4,0.6,68.3,0.1,1.3,1.4,1.9,0.9,0.2,0.0,0.9,10.0,0,0,0.0,89,1610612759
249,250,Jose Calderon,TOR,24,64,18,46,23.2,5.5,2.1,4.9,42.3,0.1,0.7,16.3,1.2,1.4,84.8,0.5,1.7,2.2,4.5,1.6,0.7,0.1,1.5,15.4,2,0,-1.7,101181,1610612761
250,251,Eduardo Najera,DEN,29,64,33,31,22.6,5.4,2.0,4.7,42.2,0.1,0.2,33.3,1.4,1.8,78.1,2.0,3.1,5.1,0.8,0.8,0.8,0.5,2.6,16.0,3,0,0.0,2059,1610612743
251,252,Jeff McInnis,NJN,31,28,15,13,17.4,5.3,2.3,5.1,44.1,0.1,0.6,18.8,0.7,1.0,69.0,0.4,1.4,1.8,1.9,1.0,0.4,0.1,1.3,10.6,0,0,-6.3,976,1610612751
252,253,Jackie Butler,NYK,21,55,16,39,13.4,5.3,2.1,3.9,54.4,0.0,0.0,0.0,1.1,1.4,75.3,1.2,2.1,3.3,0.5,1.1,0.3,0.6,2.3,11.5,0,0,2.1,2866,1610612752
253,254,Jake Voskuhl,CHA,28,51,16,35,16.0,5.3,2.2,5.1,43.7,0.0,0.1,33.3,0.8,1.2,68.3,1.2,2.4,3.6,0.8,0.6,0.5,0.5,3.1,13.0,0,0,-0.5,2063,1610612766
254,255,Tyson Chandler,CHI,23,79,39,40,26.8,5.3,2.0,3.6,56.5,0.0,0.0,0.0,1.2,2.4,50.3,3.4,5.7,9.0,1.0,1.6,0.5,1.3,3.8,21.6,9,0,1.2,2199,1610612741
255,256,Jarron Collins,UTA,27,79,39,40,21.9,5.3,1.6,3.5,46.1,0.0,0.0,0.0,2.0,2.8,71.7,1.7,2.5,4.2,1.2,0.8,0.5,0.3,3.2,13.8,1,0,-0.3,2260,1610612762
256,257,Gerald Green,BOS,20,32,13,19,11.7,5.2,2.1,4.3,47.8,0.2,0.6,30.0,0.9,1.2,78.4,0.3,1.0,1.3,0.6,0.7,0.4,0.1,1.3,8.5,0,0,-1.2,101123,1610612738
257,258,Kendrick Perkins,BOS,21,68,25,43,19.6,5.2,2.0,3.9,51.5,0.0,0.0,0.0,1.2,1.9,61.5,2.1,3.9,5.9,1.0,1.6,0.3,1.5,2.9,17.8,4,0,-0.8,2570,1610612738
258,259,Johan Petro,SEA,20,68,26,42,18.9,5.2,2.3,4.4,51.0,0.0,0.0,0.0,0.7,1.1,62.7,1.6,2.8,4.4,0.2,0.9,0.4,0.8,3.1,13.2,2,0,-2.2,101130,1610612760
259,260,Dan Gadzuric,MIL,28,74,38,36,12.0,5.2,2.3,4.2,55.3,0.0,0.0,0.0,0.6,1.2,46.1,1.2,1.9,3.1,0.3,0.5,0.3,0.6,2.3,11.7,1,0,-0.5,2429,1610612749
260,261,David Lee,NYK,23,67,21,46,16.8,5.1,2.0,3.4,59.8,0.0,0.0,0.0,1.1,1.8,57.7,1.6,2.9,4.5,0.6,0.8,0.4,0.3,1.9,13.0,4,0,-1.6,101135,1610612752
261,262,Robert Horry,SAS,35,63,48,15,18.8,5.1,1.8,4.6,38.4,0.8,2.3,36.8,0.7,1.1,64.7,1.1,2.7,3.8,1.3,0.7,0.7,0.8,1.8,15.4,1,0,3.7,109,1610612759
262,263,Jake Tsakalidis,MEM,27,51,30,21,14.4,5.0,2.0,3.2,60.6,0.0,0.0,0.0,1.1,1.7,65.5,1.5,2.6,4.2,0.3,0.8,0.3,0.6,2.1,12.4,5,0,2.4,2054,1610612763
263,264,Maurice Evans,DET,27,80,64,16,14.2,5.0,1.9,4.3,45.2,0.5,1.5,37.1,0.7,0.8,80.0,1.0,1.1,2.0,0.8,0.5,0.5,0.2,1.5,10.2,0,0,0.2,2230,1610612765
264,265,Chris Andersen,NOK,27,32,12,20,17.8,5.0,1.8,3.1,57.1,0.0,0.0,0.0,1.5,3.2,47.6,1.9,2.9,4.8,0.2,0.8,0.3,1.3,2.6,14.9,1,0,0.2,2365,1610612740
265,266,Beno Udrih,SAS,23,55,42,13,10.7,5.0,1.9,4.2,45.5,0.4,1.3,34.3,0.7,0.9,78.0,0.3,0.6,0.9,1.7,1.0,0.3,0.0,1.0,8.6,0,0,0.7,2757,1610612759
266,266,Jonathan Bender,IND,25,2,1,1,10.3,5.0,2.0,2.5,80.0,0.0,0.0,0.0,1.0,1.0,100.0,0.0,2.0,2.0,1.0,0.0,0.0,0.5,1.0,10.4,0,0,-4.0,1886,1610612754
267,266,Luke Walton,LAL,26,69,38,31,19.3,5.0,2.0,4.8,41.2,0.3,0.8,32.7,0.8,1.1,75.0,1.3,2.3,3.6,2.3,1.1,0.6,0.2,1.7,14.0,1,0,0.9,2575,1610612747
268,269,Michael Olowokandi,BOS,31,48,20,28,19.1,5.0,2.2,5.0,44.6,0.0,0.0,0.0,0.5,1.0,51.1,1.0,3.5,4.6,0.5,1.1,0.5,0.7,2.5,13.5,2,0,-1.9,1709,1610612738
269,270,Pat Garrity,ORL,29,57,20,37,16.5,4.9,1.8,4.2,41.7,0.9,2.3,38.8,0.5,0.6,81.1,0.5,1.4,1.9,0.7,0.7,0.2,0.2,1.9,8.7,0,0,-0.2,1727,1610612753
270,271,Malik Allen,CHI,28,54,28,26,13.0,4.9,2.2,4.6,49.0,0.0,0.0,100.0,0.4,0.7,60.5,0.8,1.8,2.6,0.4,0.6,0.3,0.3,1.7,9.6,0,0,0.9,2124,1610612741
271,272,Antonio Davis,TOR,37,44,16,28,21.4,4.9,1.9,4.3,43.2,0.0,0.0,0.0,1.2,1.8,64.2,2.0,2.7,4.7,0.5,1.2,0.5,0.2,2.8,12.4,0,0,-4.4,213,1610612761
272,272,Theo Ratliff,POR,33,55,18,37,23.7,4.9,2.0,3.4,57.1,0.0,0.0,0.0,1.0,1.5,65.1,1.6,3.5,5.1,0.5,0.9,0.3,1.6,2.6,16.7,1,0,-3.3,689,1610612757
273,274,Francisco Elson,DEN,30,72,39,33,21.9,4.9,2.1,3.9,53.2,0.0,0.1,20.0,0.7,1.0,66.2,1.4,3.3,4.7,0.7,0.9,0.8,0.6,2.9,14.7,3,0,0.8,1922,1610612743
274,275,Toni Kukoc,MIL,37,65,30,35,15.7,4.9,1.8,4.6,38.9,0.7,2.3,30.6,0.6,0.9,71.4,0.4,1.9,2.3,2.1,1.0,0.5,0.3,1.3,12.1,0,0,-0.6,389,1610612749
275,276,Darko Milicic,ORL,21,55,40,15,13.9,4.8,2.2,4.3,50.9,0.0,0.0,0.0,0.5,0.9,56.0,0.8,1.9,2.7,0.7,0.9,0.3,1.4,1.7,13.3,0,0,-1.2,2545,1610612753
276,277,Jannero Pargo,CHI,26,57,28,29,11.3,4.8,1.9,5.1,37.3,0.7,1.8,37.9,0.3,0.4,81.0,0.1,0.9,1.1,1.6,1.1,0.4,0.0,1.0,8.9,0,0,0.1,2457,1610612741
277,278,Othella Harrington,CHI,32,72,36,36,11.4,4.8,1.9,3.8,49.5,0.0,0.0,0.0,1.1,1.7,62.8,0.8,1.4,2.1,0.5,0.8,0.1,0.2,1.8,8.2,1,0,0.2,970,1610612741
278,279,Eric Snow,CLE,33,82,50,32,28.7,4.8,2.0,4.9,40.9,0.0,0.1,10.0,0.8,1.1,68.8,0.5,2.0,2.4,4.2,1.4,0.9,0.2,2.7,16.1,1,0,1.0,727,1610612739
279,280,Etan Thomas,WAS,28,71,35,36,15.8,4.7,1.8,3.5,53.3,0.0,0.0,0.0,1.1,1.8,60.0,1.4,2.5,3.9,0.2,0.7,0.3,1.0,2.1,12.8,1,0,0.0,2041,1610612764
280,281,Quinton Ross,LAC,25,67,39,28,22.6,4.7,1.9,4.6,42.2,0.0,0.1,0.0,0.9,1.1,76.0,0.6,2.0,2.5,1.2,0.7,0.8,0.2,2.3,11.8,0,0,1.7,2624,1610612746
281,282,Gerald Fitch,MIA,23,18,12,6,13.3,4.7,1.7,4.9,33.7,0.4,1.4,26.9,0.9,1.3,73.9,0.4,1.3,1.7,1.8,0.8,0.4,0.3,1.6,10.6,0,0,-0.3,2809,1610612748
282,283,Zeljko Rebraca,LAC,34,29,18,11,14.2,4.7,1.8,3.3,54.2,0.0,0.0,0.0,1.1,1.4,75.6,0.4,1.8,2.2,0.3,0.8,0.2,0.7,2.0,9.4,0,0,-4.2,1442,1610612746
283,284,Trevor Ariza,ORL,20,57,24,33,17.5,4.6,1.6,4.0,41.2,0.0,0.1,20.0,1.4,2.2,60.6,1.4,2.5,3.8,1.1,1.1,1.0,0.2,1.8,13.3,2,0,-0.2,2772,1610612753
284,285,Aaron Williams,NOK,34,48,21,27,16.5,4.6,1.9,3.7,51.7,0.0,0.0,0.0,0.8,1.2,69.0,1.3,2.4,3.8,0.4,0.6,0.4,0.4,2.9,11.4,1,0,-0.8,1425,1610612740
285,286,Andre Barrett,TOR,24,19,4,15,14.9,4.6,2.0,5.5,36.5,0.1,0.7,14.3,0.5,0.6,75.0,0.5,0.8,1.3,2.7,0.8,0.5,0.0,0.7,11.1,0,0,-1.3,2857,1610612761
286,287,Eddie Griffin,MIN,24,70,30,40,19.4,4.6,1.9,5.3,35.1,0.2,1.2,19.5,0.6,1.1,59.5,1.5,4.0,5.6,0.6,0.6,0.2,2.1,1.8,18.4,6,0,-2.2,2204,1610612750
287,288,Anderson Varejao,CLE,23,48,29,19,15.8,4.6,1.6,3.1,52.7,0.0,0.0,0.0,1.3,2.5,51.3,1.6,3.3,4.9,0.4,0.6,0.6,0.4,2.5,13.6,2,0,1.8,2760,1610612739
288,289,Adrian Griffin,DAL,31,52,40,12,23.9,4.6,1.9,3.9,48.0,0.0,0.0,0.0,0.8,1.0,77.4,1.4,2.9,4.4,1.7,0.8,1.0,0.2,2.2,15.1,2,0,3.5,1559,1610612742
289,290,Sasha Pavlovic,CLE,22,53,32,21,15.3,4.5,1.6,4.0,41.0,0.7,1.8,36.5,0.6,0.9,65.3,0.3,1.2,1.5,0.5,0.8,0.4,0.1,1.9,7.7,0,0,0.3,2562,1610612739
290,291,Rasho Nesterovic,SAS,30,80,61,19,18.9,4.5,2.2,4.2,51.5,0.0,0.0,0.0,0.2,0.4,60.0,1.4,2.4,3.9,0.4,0.7,0.3,1.1,2.6,13.2,1,0,3.1,1725,1610612759
291,292,Justin Reed,MIN,24,72,26,46,13.8,4.5,1.7,4.1,40.3,0.0,0.0,0.0,1.2,1.7,72.5,0.7,1.0,1.7,0.6,0.7,0.3,0.2,2.3,8.3,0,0,-2.4,2770,1610612750
292,293,Adonal Foyle,GSW,31,77,32,45,23.7,4.5,2.0,3.9,50.7,0.0,0.0,0.0,0.5,0.9,61.2,1.9,3.6,5.5,0.4,1.0,0.6,1.6,2.8,17.3,2,0,-0.4,1502,1610612744
293,294,Malik Rose,NYK,31,72,20,52,15.5,4.4,1.5,3.9,37.4,0.0,0.0,100.0,1.5,1.9,78.1,1.2,2.4,3.6,0.9,1.1,0.6,0.2,2.0,11.4,4,0,-3.9,990,1610612752
294,295,Bostjan Nachbar,NJN,25,36,20,16,13.9,4.4,1.5,4.3,34.6,0.5,2.0,26.8,0.8,1.2,68.2,0.2,1.4,1.7,0.8,0.7,0.4,0.1,1.8,8.6,0,0,-0.1,2411,1610612751
295,296,Anthony Grundy,ATL,27,12,5,7,9.0,4.3,1.6,3.2,50.0,0.4,1.3,33.3,0.8,1.2,64.3,0.1,1.3,1.4,0.8,0.8,0.6,0.0,1.2,8.2,0,0,2.4,101219,1610612737
296,297,Jiri Welsch,MIL,26,58,30,28,14.9,4.3,1.5,3.8,38.7,0.2,0.8,28.6,1.1,1.5,74.7,0.4,1.5,1.9,1.1,0.7,0.6,0.0,1.1,9.3,0,0,-3.4,2412,1610612749
297,298,Jon Barry,HOU,36,20,7,13,17.1,4.3,1.3,3.3,38.5,0.6,1.6,37.5,1.2,1.5,82.8,0.1,1.5,1.6,1.3,1.1,0.7,0.1,1.3,9.1,0,0,-2.3,468,1610612745
298,299,Linton Johnson,NOK,26,36,13,23,14.6,4.3,1.7,4.1,40.9,0.4,1.0,36.1,0.5,0.8,66.7,1.1,2.3,3.4,0.4,0.8,0.3,0.3,1.7,10.1,1,0,-1.3,2669,1610612740
299,300,Lee Nailon,PHI,31,22,11,11,10.8,4.2,1.8,3.6,50.0,0.0,0.0,0.0,0.6,0.7,86.7,1.0,0.9,1.9,0.3,0.5,0.4,0.2,1.5,8.2,0,0,0.0,1924,1610612755
300,301,Laron Profit,LAL,28,25,14,11,11.2,4.2,1.6,3.4,47.6,0.1,0.7,16.7,0.8,1.0,87.5,0.3,1.4,1.7,0.6,1.0,0.4,0.2,1.0,8.1,0,0,-1.6,1919,1610612747
301,302,Hakim Warrick,MEM,23,68,42,26,10.6,4.1,1.5,3.4,44.3,0.0,0.0,0.0,1.1,1.7,66.1,0.6,1.5,2.1,0.4,0.8,0.2,0.3,1.7,8.0,0,0,-1.1,101124,1610612763
302,303,Jason Kapono,MIA,25,51,30,21,13.0,4.1,1.5,3.5,44.6,0.4,1.0,39.6,0.5,0.6,84.8,0.2,1.2,1.4,0.7,0.4,0.1,0.1,1.7,7.0,0,0,-1.6,2574,1610612748
303,304,Dahntay Jones,MEM,25,71,43,28,13.6,4.0,1.5,3.7,41.4,0.0,0.3,14.3,0.8,1.3,64.5,0.3,1.2,1.5,0.5,0.7,0.5,0.2,1.5,8.1,0,0,-1.8,2563,1610612763
304,305,Sasha Vujacic,LAL,22,82,45,37,17.7,3.9,1.3,3.8,34.6,0.7,2.1,34.3,0.6,0.6,88.5,0.4,1.5,1.9,1.7,0.6,0.6,0.0,1.8,10.0,0,0,0.6,2756,1610612747
305,306,Travis Diener,ORL,24,23,9,14,10.7,3.8,1.3,3.0,42.0,1.1,2.5,43.9,0.2,0.3,83.3,0.2,0.7,0.9,0.7,0.4,0.3,0.0,1.0,6.4,0,0,-2.4,101143,1610612753
306,307,Daniel Ewing,LAC,23,66,39,27,14.7,3.8,1.5,3.9,38.0,0.3,1.2,28.2,0.5,0.7,78.3,0.3,0.9,1.3,1.3,0.9,0.6,0.1,1.3,8.4,0,0,-0.9,101137,1610612746
307,308,Andris Biedrins,GSW,20,68,30,38,14.7,3.8,1.7,2.7,63.8,0.0,0.0,0.0,0.3,1.1,30.6,1.8,2.3,4.2,0.4,0.5,0.3,0.7,2.8,11.9,2,0,0.5,2740,1610612744
308,309,Danny Fortson,SEA,30,23,9,14,12.0,3.8,1.2,2.2,52.9,0.0,0.0,0.0,1.4,1.9,76.7,1.3,2.0,3.4,0.1,1.1,0.2,0.1,3.3,7.6,0,0,2.1,1504,1610612760
309,310,Scot Pollard,IND,31,45,23,22,17.1,3.8,1.6,3.4,45.5,0.0,0.0,0.0,0.6,0.8,76.3,1.6,3.2,4.8,0.5,0.6,0.8,0.4,2.6,13.6,0,0,1.1,1513,1610612754
310,311,Doug Christie,DAL,36,7,5,2,26.5,3.7,1.3,3.7,34.6,0.0,0.1,0.0,1.1,1.7,66.7,0.3,1.6,1.9,2.0,0.9,1.3,0.1,1.4,12.4,0,0,-1.9,57,1610612742
311,312,Chuck Hayes,HOU,23,40,19,21,13.4,3.7,1.5,2.6,56.2,0.0,0.0,0.0,0.7,1.1,64.4,1.7,2.8,4.5,0.4,0.3,0.7,0.4,1.9,12.3,1,0,2.0,101236,1610612745
312,313,Charles Smith,DEN,30,22,5,17,9.5,3.6,1.4,3.3,41.7,0.7,1.7,39.5,0.2,0.4,62.5,0.1,0.6,0.7,0.4,0.2,0.2,0.3,1.3,6.4,0,0,-0.3,1520,1610612743
313,314,Carlos Delfino,DET,23,68,51,17,10.7,3.6,1.3,3.3,40.3,0.3,0.9,33.3,0.7,1.0,67.2,0.4,1.3,1.7,0.6,0.5,0.3,0.2,1.3,7.7,0,0,-1.4,2568,1610612765
314,315,Kelvin Cato,DET,31,27,12,15,12.3,3.6,1.3,3.1,42.9,0.0,0.0,0.0,1.0,1.3,74.3,0.7,1.9,2.6,0.1,0.7,0.2,0.4,1.9,8.3,0,0,-1.9,1509,1610612765
315,316,Will Bynum,GSW,23,15,7,8,10.8,3.6,1.4,3.5,40.4,0.1,0.6,22.2,0.7,1.1,62.5,0.2,0.6,0.8,1.3,0.9,0.5,0.0,0.7,6.9,0,0,-3.7,101198,1610612744
316,317,Jason Collins,NJN,27,71,44,27,26.7,3.6,1.5,3.7,39.7,0.0,0.2,25.0,0.6,1.2,51.2,1.3,3.5,4.8,1.0,0.9,0.6,0.6,3.5,13.6,0,0,2.1,2215,1610612751
317,318,Royal Ivey,ATL,24,73,24,49,13.4,3.6,1.6,3.6,43.9,0.1,0.1,40.0,0.3,0.5,72.7,0.4,0.9,1.3,1.0,0.3,0.3,0.1,2.0,7.6,0,0,-1.8,2767,1610612737
318,319,Pape Sow,TOR,24,42,14,28,14.0,3.5,1.3,2.9,43.1,0.0,0.0,0.0,1.0,1.4,71.9,1.3,2.2,3.5,0.2,0.7,0.5,0.5,2.8,10.1,1,0,-3.3,2776,1610612761
319,320,Linas Kleiza,DEN,21,61,33,28,8.5,3.5,1.3,2.8,44.5,0.0,0.2,15.4,0.9,1.3,70.4,0.6,1.3,1.9,0.2,0.3,0.2,0.2,1.4,7.0,0,0,-0.4,101132,1610612743
320,321,Brian Cardinal,MEM,29,36,18,18,11.2,3.4,1.3,3.1,41.4,0.4,0.8,44.8,0.5,0.8,70.4,0.3,1.2,1.5,0.9,0.8,0.6,0.0,1.8,7.8,1,0,1.4,2073,1610612763
321,322,James Singleton,LAC,24,59,34,25,12.8,3.4,1.3,2.6,51.0,0.2,0.3,50.0,0.7,0.8,78.0,1.1,2.3,3.3,0.5,0.5,0.3,0.4,1.6,9.7,3,0,-0.8,101189,1610612746
322,323,Lamond Murray,NJN,33,57,37,20,10.1,3.4,1.3,3.2,39.8,0.5,1.4,34.6,0.4,0.7,62.5,0.5,1.8,2.3,0.2,0.4,0.3,0.1,1.2,7.4,0,0,-0.7,441,1610612751
323,324,CJ Miles,UTA,19,23,7,16,8.8,3.4,1.2,3.3,36.8,0.2,0.9,25.0,0.8,1.0,75.0,0.8,0.9,1.7,0.7,0.4,0.3,0.1,0.9,7.2,0,0,0.0,101139,1610612762
324,325,Jacque Vaughn,NJN,31,80,48,32,15.4,3.4,1.3,3.1,43.7,0.0,0.1,16.7,0.7,1.0,72.8,0.2,0.9,1.1,1.5,0.7,0.5,0.0,1.8,8.1,0,0,-2.3,1521,1610612751
325,326,Zoran Planinic,NJN,23,56,31,25,10.6,3.4,1.2,3.3,36.1,0.2,1.0,23.2,0.8,1.2,69.7,0.3,1.1,1.3,0.9,0.8,0.4,0.1,1.6,6.9,0,0,-1.2,2565,1610612751
326,327,Corliss Williamson,SAC,32,37,19,18,9.8,3.4,1.2,2.8,41.7,0.1,0.1,100.0,1.0,1.3,77.6,0.6,1.2,1.8,0.4,0.8,0.2,0.1,1.5,6.2,0,0,0.6,722,1610612758
327,328,Scott Padgett,NJN,30,62,37,25,11.6,3.4,1.1,3.2,35.3,0.7,2.0,34.7,0.4,0.5,79.4,0.9,1.8,2.7,0.7,0.3,0.5,0.2,1.5,9.2,1,0,-1.7,1909,1610612751
328,329,Wayne Simien,MIA,23,43,26,17,9.6,3.4,1.3,2.8,48.3,0.0,0.0,0.0,0.7,0.8,88.2,0.9,1.2,2.0,0.2,0.6,0.3,0.0,1.6,6.5,0,0,-0.9,101134,1610612748
329,330,Vin Baker,LAC,34,8,5,3,10.6,3.4,0.9,1.9,46.7,0.0,0.0,0.0,1.6,2.3,72.2,0.3,2.1,2.4,0.5,1.1,0.5,0.5,1.6,8.9,0,0,2.4,452,1610612746
330,331,Pat Burke,PHX,32,42,28,14,8.2,3.4,1.5,3.0,49.6,0.0,0.2,28.6,0.3,0.5,61.9,0.5,1.2,1.7,0.4,0.8,0.1,0.3,1.5,6.6,0,0,-1.0,2469,1610612756
331,332,Anthony Carter,MIN,31,45,19,26,13.1,3.3,1.2,3.0,38.7,0.1,0.3,26.7,0.9,1.2,72.7,0.2,1.2,1.4,2.2,0.9,0.5,0.2,1.6,9.7,0,0,-0.9,1853,1610612750
332,333,Jason Hart,SAC,28,66,34,32,12.4,3.3,1.3,3.3,38.9,0.1,0.5,29.0,0.6,0.8,66.1,0.2,0.9,1.1,1.1,0.7,0.5,0.1,1.3,7.2,0,0,-0.8,2078,1610612758
333,334,Mikki Moore,SEA,30,47,18,29,12.4,3.3,1.1,2.6,43.5,0.0,0.0,0.0,1.0,1.3,74.2,0.9,1.8,2.8,0.6,0.9,0.1,0.3,2.0,8.0,0,0,-0.2,1630,1610612760
334,335,Richie Frahm,HOU,28,33,13,20,10.4,3.3,1.2,3.0,39.0,0.7,2.1,32.9,0.2,0.3,70.0,0.1,0.9,1.0,0.6,0.2,0.1,0.1,0.9,5.7,0,0,0.1,2499,1610612745
335,336,Dan Dickau,BOS,27,19,7,12,12.3,3.3,0.9,2.4,37.0,0.5,1.1,50.0,0.9,0.9,100.0,0.3,0.6,0.8,2.1,0.9,0.6,0.1,2.1,8.4,0,0,0.5,2424,1610612738
336,337,Zarko Cabarkapa,GSW,25,61,22,39,8.3,3.3,1.1,2.9,38.5,0.1,0.3,25.0,1.0,1.4,71.4,0.6,1.2,1.8,0.3,0.6,0.2,0.1,1.4,6.3,1,0,-1.8,2560,1610612744
337,338,Eric Williams,TOR,33,28,9,19,12.6,3.3,1.0,2.7,38.7,0.2,0.6,27.8,1.0,1.4,73.7,0.4,1.4,1.8,0.5,0.5,0.3,0.1,2.0,6.6,0,0,-1.9,677,1610612761
338,339,Sean Marks,SAS,30,25,19,6,7.2,3.2,1.5,2.8,52.1,0.0,0.1,0.0,0.3,0.5,58.3,0.5,1.2,1.7,0.3,0.3,0.2,0.3,0.8,6.9,0,0,-1.4,1752,1610612759
339,340,Orien Greene,BOS,24,80,31,49,15.4,3.2,1.3,3.2,39.5,0.1,0.5,22.5,0.6,0.9,66.2,0.5,1.4,1.8,1.6,1.4,1.0,0.1,2.3,9.7,0,0,-1.3,101158,1610612738
340,341,Michael Doleac,MIA,29,31,19,12,12.0,3.2,1.2,2.8,42.0,0.0,0.0,0.0,0.8,1.0,80.0,0.7,2.0,2.7,0.3,0.5,0.3,0.2,1.5,8.0,0,0,-3.3,1720,1610612748
341,342,Howard Eisley,DEN,33,32,17,15,12.3,3.2,1.1,3.2,33.0,0.4,1.3,31.0,0.6,0.8,83.3,0.1,0.9,1.0,2.2,0.7,0.3,0.1,1.1,8.2,0,0,-2.1,458,1610612743
342,343,Matt Barnes,PHI,26,56,24,32,11.3,3.1,1.3,2.5,50.0,0.1,0.3,20.0,0.6,0.8,68.1,0.9,1.3,2.2,0.5,0.5,0.4,0.1,1.8,7.4,0,0,-0.1,2440,1610612755
343,344,Rawle Marshall,DAL,24,23,13,10,10.5,3.1,1.0,2.6,40.0,0.0,0.1,33.3,1.0,1.3,75.9,0.3,1.0,1.3,0.4,0.7,0.3,0.3,0.7,6.7,0,0,-0.8,101185,1610612742
344,345,Jerome James,NYK,30,45,11,34,9.0,3.0,1.2,2.7,46.3,0.0,0.0,0.0,0.6,0.9,62.5,0.9,1.2,2.0,0.3,1.1,0.1,0.5,2.3,6.5,0,0,-3.2,1744,1610612752
345,346,Kris Humphries,UTA,21,62,27,35,10.0,3.0,1.2,3.3,37.9,0.0,0.1,0.0,0.5,1.0,52.3,0.9,1.6,2.5,0.5,0.5,0.4,0.3,1.3,8.2,1,0,-1.3,2743,1610612762
346,347,Jim Jackson,LAL,35,40,27,13,12.8,3.0,1.2,4.0,29.4,0.5,1.9,24.3,0.2,0.3,69.2,0.3,1.6,1.9,0.9,0.9,0.3,0.2,1.3,7.1,0,0,0.1,754,1610612747
347,348,Andre Owens,UTA,25,23,8,15,9.1,3.0,1.2,3.2,36.5,0.1,0.7,18.8,0.5,0.8,66.7,0.5,0.4,0.9,0.3,0.6,0.2,0.0,1.1,4.7,0,0,-1.4,101261,1610612762
348,348,Pavel Podkolzin,DAL,21,1,0,1,18.1,3.0,0.0,2.0,0.0,0.0,0.0,0.0,3.0,6.0,50.0,0.0,7.0,7.0,0.0,2.0,0.0,1.0,0.0,12.4,0,0,2.0,2750,1610612742
349,350,Josh Powell,DAL,23,37,25,12,11.6,3.0,1.0,2.2,45.7,0.0,0.0,0.0,1.0,1.2,80.0,0.8,1.4,2.2,0.2,0.6,0.2,0.1,1.4,6.3,0,0,-0.1,2694,1610612742
350,351,Sergei Monia,SAC,23,26,9,17,13.2,3.0,1.1,3.3,33.3,0.3,1.3,26.5,0.4,0.5,71.4,0.4,1.6,2.0,0.7,0.5,0.3,0.2,1.6,7.4,0,0,-5.5,2752,1610612758
351,352,Brian Skinner,POR,30,65,21,44,14.5,2.9,1.3,2.5,51.3,0.0,0.0,0.0,0.4,0.9,48.2,1.2,2.3,3.5,0.5,0.7,0.4,0.7,1.8,10.3,0,0,-3.3,1730,1610612757
352,353,Brian Grant,PHX,34,21,10,11,11.8,2.9,1.3,3.1,41.5,0.0,0.0,0.0,0.3,0.4,87.5,0.5,2.2,2.7,0.3,0.3,0.2,0.1,2.1,7.5,0,0,-0.7,258,1610612756
353,354,Dorell Wright,MIA,20,20,14,6,6.6,2.9,1.0,2.2,46.5,0.2,0.3,50.0,0.8,0.9,88.2,0.1,1.5,1.6,0.4,0.7,0.2,0.1,0.6,5.3,0,0,-2.8,2748,1610612748
354,354,Lindsey Hunter,DET,35,30,21,9,11.8,2.9,1.2,3.3,37.0,0.4,1.4,25.6,0.1,0.1,50.0,0.3,1.0,1.3,2.1,0.7,0.6,0.0,1.5,8.9,0,0,0.8,283,1610612765
355,356,Brian Scalabrine,BOS,28,71,29,42,13.2,2.9,1.0,2.7,38.3,0.4,1.2,35.6,0.4,0.5,72.2,0.4,1.2,1.6,0.7,0.7,0.3,0.3,1.8,6.9,0,0,-0.4,2243,1610612738
356,357,Lonny Baxter,CHA,27,41,13,28,9.8,2.9,1.1,2.5,43.3,0.0,0.0,0.0,0.7,0.9,80.0,1.1,1.8,2.9,0.1,0.5,0.3,0.2,1.4,7.4,1,0,0.5,2437,1610612766
357,358,Mario Kasun,ORL,26,28,8,20,7.6,2.9,1.1,2.5,44.9,0.0,0.0,0.0,0.6,0.8,78.3,0.9,1.3,2.1,0.1,0.5,0.1,0.1,2.5,5.6,0,0,-0.6,2435,1610612753
358,359,Dijon Thompson,PHX,23,10,8,2,4.3,2.8,1.1,2.5,44.0,0.4,1.1,36.4,0.2,0.2,100.0,0.4,0.7,1.1,0.1,0.2,0.3,0.1,0.6,5.3,0,0,-1.2,101159,1610612756
359,360,Moochie Norris,NOK,32,45,14,31,9.4,2.8,1.0,2.5,41.1,0.1,0.3,28.6,0.6,0.9,69.0,0.3,0.9,1.2,1.1,0.7,0.4,0.0,1.1,6.6,0,0,-1.1,983,1610612740
360,361,Chris Taft,GSW,21,17,9,8,8.5,2.8,1.4,2.2,60.5,0.0,0.0,0.0,0.1,0.4,16.7,1.1,1.0,2.1,0.1,0.1,0.1,0.4,1.5,6.8,0,0,0.6,101147,1610612744
361,362,Ime Udoka,NYK,28,8,3,5,14.3,2.8,1.1,3.0,37.5,0.1,0.4,33.3,0.4,0.8,50.0,0.4,1.8,2.1,0.8,0.3,0.1,0.0,1.0,6.6,0,0,-1.6,2137,1610612752
362,363,Donell Taylor,WAS,23,51,27,24,9.1,2.7,1.0,2.7,39.0,0.1,0.3,23.5,0.6,0.8,69.8,0.3,0.7,1.0,0.9,0.7,0.6,0.1,0.9,6.6,0,0,0.2,101182,1610612764
363,364,Kevin Ollie,PHI,33,70,33,37,15.3,2.7,1.1,2.5,43.1,0.0,0.0,33.3,0.6,0.7,83.7,0.2,1.2,1.4,1.4,0.4,0.5,0.0,1.5,7.7,0,0,-2.9,1563,1610612755
364,365,Mateen Cleaves,SEA,28,27,10,17,8.5,2.7,0.9,2.6,35.2,0.1,0.6,25.0,0.7,0.9,79.2,0.1,0.4,0.5,1.6,0.5,0.1,0.1,1.1,5.7,0,0,-1.4,2043,1610612760
365,366,Luke Jackson,CLE,24,36,19,17,8.8,2.7,0.8,2.4,34.1,0.3,1.0,33.3,0.7,0.9,78.8,0.4,0.7,1.1,0.7,0.9,0.3,0.1,0.8,5.3,0,0,-0.7,2739,1610612739
366,367,Dikembe Mutombo,HOU,40,64,27,37,14.9,2.6,0.8,1.5,52.6,0.0,0.0,0.0,1.1,1.4,75.8,1.6,3.2,4.8,0.1,0.5,0.3,0.9,2.0,11.4,1,0,-1.4,87,1610612745
367,368,Stephen Graham,CLE,24,22,10,12,7.9,2.6,1.0,2.5,38.9,0.1,0.5,20.0,0.6,0.7,93.3,0.2,1.0,1.2,0.3,0.6,0.2,0.1,1.4,5.0,0,0,0.5,101211,1610612739
368,369,Shandon Anderson,MIA,32,48,31,17,13.3,2.6,1.1,2.6,42.9,0.1,0.4,26.3,0.3,0.4,72.2,0.4,1.3,1.7,0.6,0.5,0.4,0.1,1.6,6.5,0,0,-0.1,1000,1610612748
369,370,Melvin Sanders,SAS,25,16,14,2,7.1,2.6,1.0,2.1,48.5,0.1,0.2,66.7,0.4,0.6,70.0,0.3,1.2,1.4,0.2,0.5,0.3,0.0,1.3,5.0,0,0,-1.2,2684,1610612759
370,371,Darrick Martin,TOR,35,40,14,26,8.5,2.6,0.9,2.4,35.1,0.4,1.0,40.0,0.5,0.6,75.0,0.1,0.5,0.5,1.4,0.4,0.4,0.0,1.1,6.2,1,0,1.3,239,1610612761
371,372,Vitaly Potapenko,SAC,31,33,17,16,10.7,2.5,1.1,2.2,52.1,0.0,0.0,0.0,0.3,0.5,58.8,0.8,1.1,1.9,0.3,0.5,0.1,0.1,1.5,5.2,0,0,-1.9,958,1610612758
372,373,Anfernee Hardaway,NYK,34,4,1,3,17.9,2.5,1.0,3.5,28.6,0.0,0.3,0.0,0.5,0.5,100.0,0.0,2.5,2.5,2.0,1.5,0.5,0.0,1.8,8.5,0,0,1.8,358,1610612752
373,374,Alan Henderson,CLE,33,51,31,20,10.4,2.5,0.9,1.8,51.6,0.0,0.0,0.0,0.6,1.0,67.3,1.2,1.5,2.7,0.2,0.4,0.2,0.2,1.1,6.8,1,0,-0.9,673,1610612739
374,375,Walter McCarty,LAC,32,36,15,21,9.8,2.4,0.9,2.8,33.3,0.3,1.3,22.2,0.3,0.6,57.1,0.4,1.5,1.9,0.6,0.5,0.2,0.1,1.4,6.2,0,0,0.1,962,1610612746
375,376,Greg Ostertag,UTA,33,60,30,30,13.5,2.4,1.0,2.1,49.2,0.0,0.0,0.0,0.4,0.8,50.0,1.4,2.4,3.8,1.0,0.8,0.1,1.1,2.2,11.2,0,0,-2.4,731,1610612762
376,377,DeSagana Diop,DAL,24,81,60,21,18.6,2.3,0.9,1.9,48.7,0.0,0.0,50.0,0.5,0.9,54.2,1.8,2.8,4.6,0.3,0.4,0.5,1.8,3.1,14.9,0,0,3.0,2205,1610612742
377,378,Brandon Bass,NOK,21,29,14,15,9.3,2.3,1.0,2.4,40.0,0.0,0.0,0.0,0.4,0.7,63.2,0.6,1.7,2.3,0.1,0.4,0.1,0.2,0.6,6.0,0,0,-1.7,101138,1610612740
378,379,Bo Outlaw,ORL,35,32,15,17,11.1,2.3,1.1,1.8,60.3,0.0,0.0,0.0,0.2,0.3,62.5,1.0,1.4,2.4,0.4,0.5,0.3,0.4,1.6,7.4,0,0,-0.3,448,1610612753
379,380,Rafael Araujo,TOR,25,52,17,35,11.6,2.3,1.0,2.8,36.6,0.0,0.0,0.0,0.3,0.5,53.6,0.8,1.9,2.8,0.3,0.8,0.5,0.1,2.0,7.0,0,0,-2.2,2737,1610612761
380,381,Arvydas Macijauskas,NOK,26,19,5,14,7.1,2.3,0.7,2.2,34.1,0.2,0.6,25.0,0.7,0.8,86.7,0.2,0.4,0.5,0.3,0.4,0.4,0.0,0.5,4.0,0,0,-0.4,101178,1610612740
381,382,Jason Maxiell,DET,23,26,20,6,6.1,2.3,0.9,2.1,42.6,0.0,0.0,0.0,0.5,1.6,33.3,0.5,0.6,1.1,0.1,0.4,0.2,0.2,0.5,4.4,1,0,-3.8,101131,1610612765
382,382,John Lucas III,HOU,23,13,4,9,8.2,2.3,1.1,2.8,38.9,0.2,0.7,22.2,0.0,0.0,0.0,0.2,0.2,0.4,0.9,0.5,0.4,0.0,0.5,4.8,0,0,-0.5,101249,1610612745
383,384,Shavlik Randolph,PHI,22,57,23,34,8.5,2.3,0.8,1.7,45.4,0.0,0.0,0.0,0.8,1.2,60.6,1.0,1.4,2.3,0.3,0.4,0.3,0.2,1.5,6.9,0,0,0.4,101183,1610612755
384,385,Loren Woods,TOR,28,27,7,20,12.0,2.3,1.0,2.2,47.5,0.0,0.0,0.0,0.2,0.5,42.9,1.6,2.4,4.1,0.1,0.6,0.3,0.9,1.8,10.4,1,0,-0.8,2254,1610612761
385,386,Andray Blatche,WAS,19,29,16,13,6.1,2.2,0.9,2.3,38.8,0.1,0.4,23.1,0.3,0.4,83.3,0.4,0.9,1.3,0.3,0.4,0.2,0.2,1.2,5.2,0,0,-0.3,101154,1610612764
386,387,Billy Thomas,WAS,30,17,8,9,7.7,2.2,0.8,2.4,32.5,0.6,1.8,33.3,0.1,0.1,100.0,0.3,0.5,0.8,0.5,0.4,0.6,0.1,1.1,5.6,0,0,-0.4,2873,1610612764
387,388,Ronald Dupree,MIN,25,36,14,22,7.4,2.2,0.9,1.8,52.4,0.0,0.0,0.0,0.4,1.1,34.1,0.6,0.8,1.4,0.4,0.4,0.3,0.0,1.2,5.1,0,0,-1.9,2648,1610612750
388,389,Calbert Cheaney,GSW,34,42,19,23,10.7,2.2,1.0,2.6,38.9,0.0,0.2,0.0,0.2,0.2,100.0,0.5,1.0,1.5,0.5,0.4,0.3,0.0,0.9,5.3,0,0,-2.2,384,1610612744
389,390,Anthony Roberson,MEM,23,16,11,5,5.5,2.2,0.9,1.9,45.2,0.3,0.6,50.0,0.1,0.1,100.0,0.0,0.4,0.4,0.3,0.2,0.1,0.0,0.4,3.1,0,0,-0.1,101194,1610612763
390,391,Boniface Ndong,LAC,28,23,14,9,6.6,2.2,1.0,2.3,41.5,0.0,0.0,0.0,0.3,0.4,66.7,0.7,1.0,1.6,0.3,0.3,0.1,0.2,1.0,5.2,0,0,-1.9,101238,1610612746
391,392,Zendon Hamilton,PHI,31,12,8,4,4.0,2.2,0.6,1.2,50.0,0.0,0.0,0.0,1.0,1.5,66.7,0.3,0.7,0.9,0.0,0.5,0.3,0.0,0.4,3.8,0,0,-1.6,1985,1610612755
392,393,Robert Whaley,UTA,24,23,10,13,9.2,2.1,1.0,2.5,40.4,0.0,0.0,0.0,0.1,0.3,50.0,0.7,1.2,1.9,0.7,0.6,0.3,0.3,1.8,6.8,0,0,-1.9,101156,1610612762
393,394,Nikoloz Tskitishvili,PHX,23,17,11,6,5.8,2.1,0.8,2.2,35.1,0.1,0.2,33.3,0.5,0.8,64.3,0.5,0.8,1.3,0.2,0.4,0.1,0.1,0.5,4.1,0,0,-1.8,2401,1610612756
394,395,Darrell Armstrong,DAL,38,62,42,20,10.0,2.1,0.7,2.1,33.6,0.2,0.8,22.9,0.5,0.7,78.6,0.3,1.0,1.3,1.4,0.9,0.4,0.0,1.1,6.3,0,0,-0.2,353,1610612742
395,396,Ronnie Price,SAC,23,29,15,14,5.2,2.1,0.7,2.0,36.2,0.2,0.9,22.2,0.4,0.4,100.0,0.2,0.3,0.5,0.4,0.3,0.2,0.0,0.3,3.5,0,0,-1.1,101179,1610612758
396,397,Eddie Basden,CHI,23,19,10,9,7.4,2.1,0.8,1.9,40.5,0.1,0.4,14.3,0.4,0.5,80.0,0.4,1.1,1.5,0.4,0.5,0.5,0.1,0.9,5.7,0,0,0.8,101188,1610612741
397,398,Eric Piatkowski,CHI,35,29,14,15,7.9,2.0,0.8,2.1,39.3,0.3,1.1,27.3,0.1,0.2,40.0,0.1,0.7,0.8,0.4,0.4,0.2,0.0,0.7,4.0,0,0,0.7,15,1610612741
398,399,Derrick Zimmerman,NJN,24,2,0,2,15.9,2.0,1.0,1.5,66.7,0.0,0.0,0.0,0.0,0.0,0.0,0.5,1.5,2.0,3.5,2.0,0.0,0.0,2.0,7.7,0,0,-5.5,2583,1610612751
399,399,Rick Brunson,HOU,34,27,9,18,9.1,2.0,0.8,2.0,38.9,0.2,0.5,38.5,0.3,0.4,58.3,0.0,0.8,0.8,1.3,0.8,0.3,0.0,0.8,5.1,0,0,-1.3,1594,1610612745
400,401,Antonio Burks,MEM,26,57,34,23,10.0,2.0,0.9,2.5,35.4,0.0,0.1,16.7,0.2,0.4,43.5,0.1,0.6,0.6,1.3,0.6,0.4,0.0,0.8,5.2,0,0,-0.5,2766,1610612763
401,402,Stacey Augmon,ORL,37,36,12,24,10.7,2.0,0.7,2.0,34.2,0.0,0.0,0.0,0.6,0.8,70.0,0.5,1.0,1.5,0.6,0.3,0.3,0.2,1.1,5.9,0,0,1.1,278,1610612753
402,403,Ronny Turiaf,LAL,23,23,14,9,7.0,2.0,0.7,1.3,50.0,0.0,0.0,0.0,0.7,1.2,55.6,0.5,1.1,1.6,0.3,0.3,0.1,0.4,1.3,5.8,0,0,-0.6,101142,1610612747
403,404,Lou Williams,PHI,19,30,14,16,4.8,1.9,0.8,1.7,44.2,0.1,0.3,22.2,0.3,0.4,61.5,0.1,0.5,0.6,0.3,0.4,0.2,0.0,0.4,3.2,0,0,-0.8,101150,1610612755
404,405,Mike Wilks,SEA,27,47,21,26,7.4,1.8,0.6,1.9,32.2,0.1,0.4,15.8,0.5,0.9,61.0,0.2,0.6,0.8,0.7,0.5,0.3,0.0,0.7,4.3,0,0,-0.1,2366,1610612760
405,406,Alex Acker,DET,23,5,3,2,7.0,1.8,0.8,3.2,25.0,0.2,1.0,20.0,0.0,0.0,0.0,0.2,0.8,1.0,0.8,0.8,0.2,0.0,0.8,4.0,0,0,-6.6,101165,1610612765
406,406,Luke Schenscher,CHI,24,20,11,9,7.4,1.8,0.8,1.3,61.5,0.0,0.0,0.0,0.2,0.7,30.8,0.4,1.1,1.5,0.4,0.3,0.1,0.2,1.1,4.4,0,0,0.5,101195,1610612741
407,408,Antoine Wright,NJN,22,39,24,15,9.5,1.8,0.7,2.1,35.8,0.0,0.4,6.7,0.3,0.6,50.0,0.2,0.6,0.8,0.3,0.5,0.1,0.1,1.1,3.2,0,0,-1.9,101120,1610612751
408,408,Kevin Burleson,CHA,27,39,12,27,8.7,1.8,0.6,2.3,25.0,0.3,1.4,18.5,0.4,0.4,94.1,0.1,0.6,0.7,1.2,0.6,0.7,0.1,1.6,6.0,0,0,-0.1,101207,1610612766
409,410,Jackson Vroman,NOK,25,41,22,19,9.9,1.8,0.6,1.6,39.4,0.0,0.0,0.0,0.5,1.1,47.7,0.8,1.3,2.1,0.3,0.5,0.3,0.3,1.9,5.9,0,0,0.6,2761,1610612740
410,411,Esteban Batista,ATL,22,57,14,43,8.7,1.8,0.6,1.4,42.5,0.0,0.0,0.0,0.6,0.9,62.3,1.1,1.5,2.5,0.1,0.7,0.3,0.2,1.9,5.7,1,0,-0.1,101212,1610612737
411,412,John Edwards,ATL,24,40,11,29,7.4,1.8,0.8,1.6,48.4,0.0,0.0,0.0,0.2,0.3,72.7,0.5,0.8,1.2,0.1,0.3,0.1,0.4,1.9,4.4,0,0,-2.2,2823,1610612737
412,413,Fabricio Oberto,SAS,31,59,46,13,8.3,1.7,0.7,1.6,47.3,0.0,0.0,0.0,0.3,0.5,55.6,1.0,1.1,2.1,0.5,0.5,0.2,0.2,1.5,5.5,0,0,-0.6,101177,1610612759
413,414,DJ Mbenga,DAL,25,43,33,10,5.5,1.7,0.7,1.4,53.3,0.0,0.0,0.0,0.2,0.5,50.0,0.4,0.9,1.3,0.0,0.4,0.1,0.6,1.1,5.1,0,0,0.1,2788,1610612742
414,415,Awvee Storey,WAS,29,25,16,9,4.7,1.7,0.6,1.6,39.0,0.1,0.3,42.9,0.3,0.6,57.1,0.3,0.6,0.9,0.2,0.2,0.1,0.0,0.9,3.3,0,0,0.6,2852,1610612764
415,416,Donta Smith,ATL,22,23,6,17,5.5,1.7,0.7,1.2,55.6,0.1,0.2,50.0,0.3,0.5,50.0,0.1,0.5,0.6,0.4,0.2,0.3,0.0,0.9,3.8,0,0,0.7,2764,1610612737
416,417,Ha Ha,POR,20,27,4,23,7.8,1.6,0.7,1.1,58.1,0.0,0.0,0.0,0.3,0.6,47.1,0.5,1.3,1.8,0.0,0.5,0.1,0.3,1.5,4.6,0,0,-2.1,2775,1610612757
417,418,Earl Barron,MIA,24,8,4,4,5.6,1.6,0.6,2.0,31.3,0.0,0.0,0.0,0.4,0.5,75.0,0.3,1.0,1.3,0.0,0.6,0.0,0.0,1.3,2.5,0,0,-4.1,2853,1610612748
418,419,Andrew Bynum,LAL,18,46,29,17,7.4,1.6,0.7,1.8,40.2,0.0,0.0,0.0,0.2,0.6,29.6,0.7,1.0,1.7,0.2,0.4,0.1,0.5,1.2,5.3,0,0,-1.0,101115,1610612747
419,420,Terence Morris,ORL,27,22,9,13,8.7,1.6,0.7,2.2,32.7,0.0,0.1,0.0,0.1,0.1,100.0,0.3,1.5,1.7,0.2,0.3,0.3,0.2,0.9,5.1,0,0,-0.2,2242,1610612753
420,421,Lawrence Roberts,MEM,23,33,23,10,5.5,1.5,0.6,1.3,45.5,0.0,0.1,0.0,0.3,0.7,47.8,0.8,0.7,1.5,0.2,0.2,0.2,0.1,0.9,4.3,1,0,0.1,101160,1610612763
421,422,Noel Felix,SEA,24,12,7,5,6.8,1.5,0.5,2.1,24.0,0.1,0.3,33.3,0.4,0.7,62.5,0.3,0.8,1.1,0.2,0.7,0.2,0.3,1.1,3.6,0,0,-0.4,101230,1610612760
422,423,Michael Bradley,PHI,27,46,24,22,8.0,1.5,0.7,1.7,40.5,0.0,0.1,20.0,0.0,0.1,66.7,0.9,1.5,2.3,0.4,0.4,0.1,0.2,0.8,5.2,0,0,-1.2,2214,1610612755
423,424,Calvin Booth,WAS,30,33,14,19,7.6,1.4,0.6,1.4,42.6,0.0,0.1,50.0,0.2,0.3,55.6,0.6,1.0,1.6,0.4,0.2,0.3,0.3,1.3,5.2,0,0,-0.1,1916,1610612764
424,425,Michael Ruffin,WAS,29,76,39,37,13.3,1.4,0.4,1.0,44.2,0.0,0.0,0.0,0.5,1.0,50.0,1.6,2.0,3.6,0.4,0.5,0.4,0.4,2.4,8.2,0,0,-0.7,1913,1610612764
425,426,Ira Newble,CLE,31,36,23,13,9.8,1.3,0.5,1.6,29.8,0.1,0.4,23.1,0.3,0.4,68.8,0.6,1.0,1.6,0.3,0.3,0.1,0.3,1.3,4.5,0,0,-0.5,1956,1610612739
426,426,Sharrod Ford,PHX,24,3,3,0,4.3,1.3,0.7,1.0,66.7,0.0,0.0,0.0,0.0,0.0,0.0,0.3,0.7,1.0,0.0,0.7,0.0,0.3,2.3,2.9,0,0,-3.7,101213,1610612756
427,428,Ryan Bowen,HOU,30,68,28,40,9.6,1.3,0.5,1.8,29.8,0.0,0.3,13.6,0.2,0.2,78.6,0.5,0.8,1.3,0.4,0.2,0.3,0.1,1.3,4.4,0,0,-1.6,1763,1610612745
428,429,James Thomas,CHI,25,22,10,12,6.8,1.3,0.5,0.9,52.6,0.0,0.0,0.0,0.4,0.6,57.1,0.5,1.2,1.8,0.0,0.3,0.0,0.1,1.6,3.6,0,0,0.7,2839,1610612741
429,430,Von Wafer,LAL,20,16,6,10,4.5,1.3,0.4,2.4,15.8,0.1,1.1,11.8,0.4,0.5,75.0,0.3,0.2,0.5,0.3,0.1,0.2,0.0,0.8,2.7,0,0,-1.6,101144,1610612747
430,431,Mark Madsen,MIN,30,62,27,35,10.9,1.2,0.4,1.1,40.9,0.0,0.1,0.0,0.3,0.8,42.6,0.8,1.5,2.3,0.2,0.4,0.4,0.3,1.8,5.7,0,0,-0.3,2058,1610612750
431,432,Jermaine Jackson,MIL,30,30,17,13,6.7,1.2,0.4,0.9,42.3,0.0,0.1,25.0,0.4,0.5,85.7,0.3,0.6,0.9,0.8,0.4,0.1,0.0,0.6,3.6,0,0,-3.9,1983,1610612749
432,433,Yaroslav Korolev,LAC,19,24,12,12,5.3,1.1,0.4,1.3,30.0,0.1,0.3,28.6,0.3,0.4,70.0,0.2,0.3,0.5,0.4,0.3,0.1,0.0,0.5,2.5,0,0,-0.3,101117,1610612746
433,434,Eddie Gill,IND,27,41,24,17,3.0,1.1,0.2,1.1,22.2,0.2,0.6,30.4,0.4,0.6,78.3,0.0,0.4,0.4,0.3,0.2,0.3,0.0,0.3,2.6,0,0,0.0,2109,1610612754
434,435,Reece Gaines,MIL,25,12,5,7,4.5,1.1,0.5,1.0,50.0,0.0,0.2,0.0,0.1,0.3,25.0,0.0,0.0,0.0,0.3,0.1,0.1,0.0,0.1,1.6,0,0,-2.0,2558,1610612749
435,436,Alvin Williams,TOR,31,1,0,1,9.8,1.0,0.0,3.0,0.0,0.0,2.0,0.0,1.0,2.0,50.0,0.0,3.0,3.0,0.0,0.0,0.0,0.0,0.0,4.6,0,0,-5.0,1541,1610612761
436,436,Dwayne Jones,BOS,23,14,7,7,6.2,1.0,0.3,0.7,40.0,0.0,0.0,0.0,0.4,0.9,46.2,0.7,1.5,2.2,0.1,0.2,0.1,0.2,1.0,4.5,0,0,1.4,101204,1610612738
437,436,Josh Davis,PHX,25,6,2,4,2.8,1.0,0.3,1.2,28.6,0.0,0.3,0.0,0.3,0.5,66.7,0.5,0.2,0.7,0.2,0.2,0.3,0.0,0.5,2.9,0,0,-2.7,2668,1610612756
438,436,Matt Walsh,MIA,23,2,2,0,1.7,1.0,0.5,0.5,100.0,0.0,0.0,0.0,0.0,1.0,0.0,0.0,0.0,0.0,0.0,0.5,0.0,0.0,0.0,0.5,0,0,-6.5,101190,1610612748
439,436,Slava Medvedenko,LAL,27,2,0,2,3.1,1.0,0.5,1.0,50.0,0.0,0.0,0.0,0.0,0.0,0.0,0.0,0.0,0.0,0.5,0.0,0.0,0.0,0.5,1.8,0,0,7.0,2098,1610612747
440,441,John Thomas,NJN,30,16,5,11,8.0,0.9,0.4,0.9,40.0,0.0,0.0,0.0,0.2,0.3,75.0,0.6,0.6,1.3,0.1,0.5,0.2,0.1,1.1,3.1,0,0,-0.8,1519,1610612751
441,442,Dale Davis,DET,37,28,20,8,6.3,0.9,0.3,0.9,37.5,0.0,0.0,0.0,0.3,0.5,53.3,0.8,1.1,1.9,0.2,0.1,0.0,0.3,0.8,4.3,0,0,-1.0,905,1610612765
442,442,Julius Hodge,DEN,22,14,7,7,2.4,0.9,0.4,0.9,38.5,0.0,0.0,0.0,0.2,0.6,37.5,0.4,0.1,0.5,0.4,0.6,0.1,0.0,0.5,2.0,0,0,0.1,101125,1610612743
443,444,Devin Green,LAL,23,27,13,14,5.0,0.9,0.2,1.0,21.4,0.0,0.1,0.0,0.5,0.8,61.9,0.4,0.5,0.9,0.3,0.2,0.1,0.0,0.5,2.5,0,0,-1.6,101209,1610612747
444,445,Aaron Miles,GSW,23,19,13,6,6.2,0.8,0.3,0.9,33.3,0.0,0.0,0.0,0.2,0.2,100.0,0.0,0.7,0.7,1.3,0.6,0.2,0.1,0.7,3.8,0,0,-0.2,101223,1610612744
445,446,Ervin Johnson,MIL,38,18,9,9,4.5,0.8,0.4,0.9,41.2,0.0,0.0,0.0,0.1,0.1,50.0,0.3,1.1,1.3,0.1,0.3,0.1,0.1,1.3,2.8,0,0,-1.9,911,1610612749
446,446,Jamal Sampson,SAC,23,12,5,7,3.2,0.8,0.4,0.6,71.4,0.0,0.0,0.0,0.0,0.2,0.0,0.4,1.1,1.5,0.4,0.0,0.0,0.3,0.4,4.3,0,0,0.5,2441,1610612758
447,448,Anthony Goldwire,LAC,34,3,3,0,7.3,0.7,0.3,2.3,14.3,0.0,0.7,0.0,0.0,0.0,0.0,0.0,0.3,0.3,0.7,0.3,0.0,0.0,0.0,1.7,0,0,-0.7,924,1610612746
448,448,Maciej Lampe,HOU,21,6,1,5,4.6,0.7,0.3,1.8,18.2,0.0,0.0,0.0,0.0,0.3,0.0,0.7,0.8,1.5,0.3,0.5,0.0,0.0,0.3,2.5,0,0,-0.5,2573,1610612745
449,450,Aaron McKie,LAL,33,14,9,5,8.7,0.5,0.2,0.9,25.0,0.0,0.1,0.0,0.1,0.1,50.0,0.2,1.2,1.4,0.8,0.1,0.4,0.0,0.5,4.3,0,0,-1.4,243,1610612747
450,450,Randy Holcomb,CHI,26,4,3,1,2.6,0.5,0.3,0.3,100.0,0.0,0.0,0.0,0.0,0.0,0.0,0.3,0.0,0.3,0.0,0.0,0.0,0.0,0.5,0.8,0,0,-0.3,2450,1610612741
451,452,Samaki Walker,IND,30,7,6,1,3.1,0.3,0.0,0.3,0.0,0.0,0.0,0.0,0.3,0.3,100.0,0.0,0.4,0.4,0.0,0.3,0.0,0.1,1.0,0.9,0,0,-1.6,955,1610612754
452,453,Alex Scales,SAS,27,1,1,0,0.2,0.0,0.0,0.0,0.0,0.0,0.0,0.0,0.0,0.0,0.0,0.0,0.0,0.0,0.0,0.0,0.0,0.0,0.0,0.0,0,0,0.0,2637,1610612759
453,453,Bryon Russell,DEN,35,1,0,1,2.6,0.0,0.0,0.0,0.0,0.0,0.0,0.0,0.0,0.0,0.0,0.0,1.0,1.0,1.0,0.0,0.0,0.0,0.0,2.7,0,0,4.0,935,1610612743
454,453,Deng Gai,PHI,24,2,0,2,2.4,0.0,0.0,0.0,0.0,0.0,0.0,0.0,0.0,0.0,0.0,0.0,0.0,0.0,0.0,0.0,0.0,0.0,0.0,0.0,0,0,-1.5,101184,1610612755
455,453,Martynas Andriuskevicius,CLE,20,6,1,5,1.6,0.0,0.0,0.2,0.0,0.0,0.0,0.0,0.0,0.0,0.0,0.2,0.5,0.7,0.0,0.0,0.3,0.0,0.2,1.8,0,0,1.8,101149,1610612739
456,453,Nene,DEN,23,1,0,1,2.6,0.0,0.0,1.0,0.0,0.0,0.0,0.0,0.0,0.0,0.0,0.0,0.0,0.0,0.0,2.0,0.0,0.0,1.0,-2.0,0,0,-6.0,2403,1610612743
457,453,Randy Livingston,CHI,31,5,3,2,4.5,0.0,0.0,0.4,0.0,0.0,0.0,0.0,0.0,0.0,0.0,0.2,0.6,0.8,0.2,0.2,0.2,0.0,1.2,1.7,0,0,1.8,988,1610612741
